Record_ID,Date,Age,City,Employment_Type,Family_Size,Monthly_Income_INR,Monthly_Expenses_INR,Monthly_Savings_INR,Savings_Rate_Pct,Monthly_Debt_Payment_INR,Total_Debt_INR,Emergency_Fund_INR,Emergency_Fund_Months,Monthly_Investment_INR,Total_Investments_INR,Credit_Score,Financial_Health_Score,Financial_Health_Status,Financial_Goal,Risk_Profile,Financial_Literacy
FH0001,2025-01-01 00:00:00.000000000,59,Bengaluru,Salaried,3,78767,45666,33101,42.0,7509,79346,123298,2.7,8713,238870,767,91,Excellent,Wealth Building,Moderate,Beginner
FH0002,2025-01-01 08:44:41.081081081,49,Kolkata,Business Owner,1,239176,131091,108085,45.2,79760,2073861,786546,6.0,10729,111609,702,93,Excellent,Retirement,Aggressive,Beginner
FH0003,2025-01-01 17:29:22.162162162,35,Bengaluru,Freelancer,4,65529,47125,18404,28.1,26767,388888,56550,1.2,16943,712423,626,65,Good,Retirement,Moderate,Intermediate
FH0004,2025-01-02 02:14:03.243243243,28,Bengaluru,Salaried,1,47157,21355,25802,54.7,1632,38472,111046,5.2,5900,112160,782,100,Excellent,Home Purchase,Aggressive,Intermediate
FH0005,2025-01-02 10:58:44.324324324,41,Lucknow,Salaried,1,57794,34040,23754,41.1,14806,349467,142968,4.2,11587,542208,688,90,Excellent,Retirement,Moderate,Intermediate
FH0006,2025-01-02 19:43:25.405405405,59,Pune,Salaried,1,49308,26113,23195,47.0,8893,172274,86173,3.3,7619,83429,768,97,Excellent,Home Purchase,Moderate,Beginner
FH0007,2025-01-03 04:28:06.486486486,39,Pune,Salaried,2,75649,34438,41211,54.5,23519,731054,110202,3.2,8856,409559,748,98,Excellent,Travel,Moderate,Intermediate
FH0008,2025-01-03 13:12:47.567567567,43,Jaipur,Business Owner,5,82960,47399,35561,42.9,5130,71558,132717,2.8,9411,92440,724,90,Excellent,Debt Reduction,Conservative,Intermediate
FH0009,2025-01-03 21:57:28.648648648,31,Chennai,Salaried,2,55086,38525,16561,30.1,23784,462812,115575,3.0,3814,59893,679,68,Good,Home Purchase,Conservative,Beginner
FH0010,2025-01-04 06:42:09.729729729,31,Lucknow,Salaried,2,41464,36359,5105,12.3,455,10069,207246,5.7,3668,29184,645,68,Good,Home Purchase,Moderate,Intermediate
FH0011,2025-01-04 15:26:50.810810810,44,Jaipur,Salaried,6,62063,41031,21032,33.9,11683,302692,118990,2.9,3069,109302,655,75,Good,Education,Moderate,Beginner
FH0012,2025-01-05 00:11:31.891891891,56,Delhi,Self-Employed,6,85105,21276,63829,75.0,23528,694527,157442,7.4,3559,148455,795,100,Excellent,Retirement,Moderate,Intermediate
FH0013,2025-01-05 08:56:12.972972973,60,Chennai,Salaried,1,25399,14596,10803,42.5,3322,59278,64222,4.4,6757,163729,695,97,Excellent,Travel,Moderate,Intermediate
FH0014,2025-01-05 17:40:54.054054054,44,Chennai,Business Owner,2,120462,70708,49754,41.3,13294,337420,183841,2.6,16807,756280,757,90,Excellent,Debt Reduction,Conservative,Intermediate
FH0015,2025-01-06 02:25:35.135135135,23,Ahmedabad,Salaried,1,63969,45486,18483,28.9,15921,167462,259270,5.7,14240,438486,632,81,Excellent,Emergency Fund,Conservative,Beginner
FH0016,2025-01-06 11:10:16.216216216,42,Ahmedabad,Business Owner,6,84161,50991,33170,39.4,19366,658046,254955,5.0,5421,175967,693,87,Excellent,Wealth Building,Moderate,Beginner
FH0017,2025-01-06 19:54:57.297297297,22,Mumbai,Self-Employed,5,162723,122926,39797,24.5,35925,628392,61463,0.5,5270,218745,687,59,Fair,Home Purchase,Conservative,Intermediate
FH0018,2025-01-07 04:39:38.378378378,44,Mumbai,Salaried,4,90909,57712,33197,36.5,30148,840696,98110,1.7,4687,86548,645,70,Good,Emergency Fund,Moderate,Intermediate
FH0019,2025-01-07 13:24:19.459459459,50,Bengaluru,Salaried,1,44285,35350,8935,20.2,7472,49392,127260,3.6,4006,83642,665,67,Good,Retirement,Moderate,Beginner
FH0020,2025-01-07 22:09:00.540540540,58,Delhi,Freelancer,5,80457,41723,38734,48.1,21043,255791,25034,0.6,9860,434333,683,83,Excellent,Wealth Building,Moderate,Beginner
FH0021,2025-01-08 06:53:41.621621621,22,Hyderabad,Freelancer,4,92751,55670,37081,40.0,14297,294697,445360,8.0,10150,444981,721,100,Excellent,Home Purchase,Conservative,Beginner
FH0022,2025-01-08 15:38:22.702702702,41,Hyderabad,Salaried,3,68074,47361,20713,30.4,7460,241313,255749,5.4,4484,210803,711,84,Excellent,Emergency Fund,Conservative,Intermediate
FH0023,2025-01-09 00:23:03.783783783,53,Ahmedabad,Salaried,1,73766,36875,36891,50.0,13498,294495,140125,3.8,9305,408277,736,98,Excellent,Education,Moderate,Beginner
FH0024,2025-01-09 09:07:44.864864864,32,Ahmedabad,Freelancer,1,67543,31705,35838,53.1,10480,355231,98286,3.1,8934,101398,753,100,Excellent,Emergency Fund,Moderate,Intermediate
FH0025,2025-01-09 17:52:25.945945946,42,Ahmedabad,Self-Employed,3,38551,18963,19588,50.8,6232,127843,49304,2.6,6521,264729,759,98,Excellent,Wealth Building,Conservative,Beginner
FH0026,2025-01-10 02:37:07.027027027,45,Lucknow,Salaried,3,60885,28927,31958,52.5,22618,468497,0,0.0,13573,315073,701,87,Excellent,Education,Aggressive,Intermediate
FH0027,2025-01-10 11:21:48.108108108,47,Kolkata,Freelancer,1,55187,36046,19141,34.7,10318,98974,10814,0.3,5217,248400,722,72,Good,Wealth Building,Conservative,Beginner
FH0028,2025-01-10 20:06:29.189189189,48,Mumbai,Salaried,3,107226,34648,72578,67.7,14349,431613,263325,7.6,21990,568129,847,100,Excellent,Debt Reduction,Moderate,Intermediate
FH0029,2025-01-11 04:51:10.270270270,36,Lucknow,Self-Employed,2,89912,32563,57349,63.8,20109,269641,224685,6.9,11204,327842,739,100,Excellent,Retirement,Conservative,Beginner
FH0030,2025-01-11 13:35:51.351351351,35,Pune,Salaried,4,58570,49245,9325,15.9,13679,451248,128037,2.6,767,21668,688,57,Fair,Travel,Moderate,Beginner
FH0031,2025-01-11 22:20:32.432432432,23,Hyderabad,Salaried,4,62982,30136,32846,52.2,4138,137898,168762,5.6,15420,300890,754,100,Excellent,Emergency Fund,Moderate,Intermediate
FH0032,2025-01-12 07:05:13.513513513,57,Chennai,Salaried,4,92997,56542,36455,39.2,16852,578012,271402,4.8,25953,237494,775,98,Excellent,Home Purchase,Conservative,Beginner
FH0033,2025-01-12 15:49:54.594594594,27,Mumbai,Business Owner,2,103118,38310,64808,62.8,18146,392079,191550,5.0,16843,734647,767,100,Excellent,Wealth Building,Moderate,Beginner
FH0034,2025-01-13 00:34:35.675675675,41,Jaipur,Salaried,3,50908,30197,20711,40.7,10061,264733,27177,0.9,6429,255311,731,81,Excellent,Wealth Building,Moderate,Intermediate
FH0035,2025-01-13 09:19:16.756756756,29,Pune,Salaried,5,59021,28291,30730,52.1,18551,544573,5658,0.2,5961,70698,744,86,Excellent,Retirement,Moderate,Advanced
FH0036,2025-01-13 18:03:57.837837837,59,Mumbai,Salaried,3,90345,32630,57715,63.9,21481,213316,202306,6.2,7907,305402,755,100,Excellent,Emergency Fund,Conservative,Beginner
FH0037,2025-01-14 02:48:38.918918919,38,Lucknow,Salaried,1,77327,59323,18004,23.3,29356,705387,0,0.0,15833,511177,624,56,Fair,Home Purchase,Moderate,Intermediate
FH0038,2025-01-14 11:33:20.000000000,24,Delhi,Freelancer,6,60937,45432,15505,25.4,13314,93583,159012,3.5,7239,167829,707,73,Good,Home Purchase,Conservative,Intermediate
FH0039,2025-01-14 20:18:01.081081081,45,Chennai,Salaried,4,69507,39269,30238,43.5,31340,655852,121734,3.1,16485,274787,658,84,Excellent,Wealth Building,Moderate,Beginner
FH0040,2025-01-15 05:02:42.162162162,34,Mumbai,Self-Employed,3,65767,47347,18420,28.0,10529,112084,137306,2.9,8053,339101,661,72,Good,Travel,Moderate,Advanced
FH0041,2025-01-15 13:47:23.243243243,29,Kolkata,Freelancer,5,56062,47454,8608,15.4,6725,77255,208798,4.4,5109,180899,604,63,Good,Wealth Building,Moderate,Intermediate
FH0042,2025-01-15 22:32:04.324324324,46,Ahmedabad,Salaried,1,51533,35330,16203,31.4,15004,254339,84792,2.4,4015,116455,717,73,Good,Travel,Moderate,Advanced
FH0043,2025-01-16 07:16:45.405405405,22,Ahmedabad,Salaried,2,58628,37941,20687,35.3,23295,441979,174529,4.6,3983,125870,638,77,Good,Wealth Building,Moderate,Beginner
FH0044,2025-01-16 16:01:26.486486486,40,Chennai,Salaried,2,104121,63290,40831,39.2,4244,104806,259489,4.1,16242,159574,772,95,Excellent,Wealth Building,Moderate,Beginner
FH0045,2025-01-17 00:46:07.567567567,48,Lucknow,Salaried,5,44573,29905,14668,32.9,8665,71338,239240,8.0,1310,33935,663,89,Excellent,Home Purchase,Conservative,Intermediate
FH0046,2025-01-17 09:30:48.648648648,27,Ahmedabad,Salaried,1,51077,27022,24055,47.1,7181,151596,27022,1.0,3203,45276,777,88,Excellent,Travel,Conservative,Intermediate
FH0047,2025-01-17 18:15:29.729729729,28,Mumbai,Salaried,4,41904,22681,19223,45.9,9997,114753,88456,3.9,8914,131500,743,97,Excellent,Home Purchase,Moderate,Beginner
FH0048,2025-01-18 03:00:10.810810810,55,Jaipur,Business Owner,3,65737,42277,23460,35.7,14548,337794,198702,4.7,3496,118077,679,82,Excellent,Emergency Fund,Moderate,Advanced
FH0049,2025-01-18 11:44:51.891891892,34,Hyderabad,Salaried,1,60887,31275,29612,48.6,24044,604037,103208,3.3,10983,486248,669,90,Excellent,Wealth Building,Conservative,Intermediate
FH0050,2025-01-18 20:29:32.972972973,37,Hyderabad,Salaried,2,52364,27689,24675,47.1,10782,244765,30458,1.1,0,0,701,82,Excellent,Debt Reduction,Moderate,Intermediate
FH0051,2025-01-19 05:14:14.054054054,56,Pune,Self-Employed,5,148208,85965,62243,42.0,59094,1663429,541580,6.3,32829,483422,651,93,Excellent,Travel,Moderate,Intermediate
FH0052,2025-01-19 13:58:55.135135135,60,Bengaluru,Salaried,5,58873,43630,15243,25.9,10540,169360,196335,4.5,1830,60843,703,74,Good,Education,Moderate,Intermediate
FH0053,2025-01-19 22:43:36.216216216,24,Delhi,Business Owner,3,172737,72796,99941,57.9,58807,1702651,94635,1.3,10131,431478,738,93,Excellent,Education,Conservative,Beginner
FH0054,2025-01-20 07:28:17.297297297,22,Chennai,Self-Employed,5,112261,77043,35218,31.4,28035,532189,362102,4.7,18818,704346,630,79,Good,Education,Moderate,Advanced
FH0055,2025-01-20 16:12:58.378378378,26,Pune,Salaried,5,60416,41738,18678,30.9,26878,551685,300514,7.2,8394,356643,624,81,Excellent,Debt Reduction,Conservative,Beginner
FH0056,2025-01-21 00:57:39.459459459,24,Bengaluru,Self-Employed,1,167431,115530,51901,31.0,4686,119226,427461,3.7,30581,872638,703,84,Excellent,Home Purchase,Conservative,Beginner
FH0057,2025-01-21 09:42:20.540540540,49,Lucknow,Salaried,4,71405,33350,38055,53.3,4905,32131,126730,3.8,2179,81884,693,99,Excellent,Home Purchase,Moderate,Advanced
FH0058,2025-01-21 18:27:01.621621621,38,Kolkata,Salaried,3,110381,37863,72518,65.7,50567,1295518,261255,6.9,11030,131066,728,100,Excellent,Retirement,Conservative,Advanced
FH0059,2025-01-22 03:11:42.702702702,46,Kolkata,Salaried,1,105974,69769,36205,34.2,13212,324454,132561,1.9,8139,167887,725,78,Good,Education,Conservative,Intermediate
FH0060,2025-01-22 11:56:23.783783783,54,Delhi,Salaried,4,75152,45561,29591,39.4,9990,152801,332595,7.3,3178,71063,709,96,Excellent,Education,Conservative,Advanced
FH0061,2025-01-22 20:41:04.864864865,30,Ahmedabad,Business Owner,1,143076,103102,39974,27.9,15188,130219,587681,5.7,23137,635676,693,85,Excellent,Home Purchase,Moderate,Intermediate
FH0062,2025-01-23 05:25:45.945945946,56,Mumbai,Salaried,6,80868,38972,41896,51.8,29864,260655,77944,2.0,15043,677254,726,92,Excellent,Education,Conservative,Advanced
FH0063,2025-01-23 14:10:27.027027027,34,Pune,Salaried,1,43549,29893,13656,31.4,2484,83703,74732,2.5,4199,179383,692,77,Good,Home Purchase,Conservative,Beginner
FH0064,2025-01-23 22:55:08.108108108,51,Pune,Salaried,5,66317,48253,18064,27.2,14783,394386,135108,2.8,15027,175066,687,75,Good,Wealth Building,Moderate,Intermediate
FH0065,2025-01-24 07:39:49.189189189,35,Chennai,Business Owner,4,160207,90782,69425,43.3,29713,291576,9078,0.1,10414,138060,768,81,Excellent,Wealth Building,Moderate,Intermediate
FH0066,2025-01-24 16:24:30.270270270,28,Chennai,Salaried,3,110892,70790,40102,36.2,39339,657028,304397,4.3,24939,524240,611,81,Excellent,Home Purchase,Aggressive,Beginner
FH0067,2025-01-25 01:09:11.351351351,34,Kolkata,Freelancer,3,46624,29535,17089,36.7,6841,162641,59070,2.0,7430,135310,692,80,Excellent,Travel,Moderate,Intermediate
FH0068,2025-01-25 09:53:52.432432432,43,Kolkata,Salaried,4,78216,36370,41846,53.5,21430,665769,160028,4.4,2687,85501,813,100,Excellent,Home Purchase,Moderate,Intermediate
FH0069,2025-01-25 18:38:33.513513513,60,Jaipur,Business Owner,5,115965,75882,40083,34.6,7856,57426,91058,1.2,30001,1317542,718,82,Excellent,Emergency Fund,Moderate,Intermediate
FH0070,2025-01-26 03:23:14.594594594,41,Jaipur,Freelancer,2,57575,46472,11103,19.3,29686,388857,260243,5.6,5118,237558,584,61,Good,Emergency Fund,Conservative,Beginner
FH0071,2025-01-26 12:07:55.675675675,36,Ahmedabad,Business Owner,1,124597,72654,51943,41.7,23531,769287,385066,5.3,25462,851738,702,96,Excellent,Emergency Fund,Aggressive,Intermediate
FH0072,2025-01-26 20:52:36.756756756,38,Jaipur,Freelancer,5,64757,24314,40443,62.5,14320,89858,58354,2.4,8431,347380,812,100,Excellent,Emergency Fund,Moderate,Beginner
FH0073,2025-01-27 05:37:17.837837838,44,Mumbai,Salaried,6,78561,38007,40554,51.6,34183,411631,171032,4.5,11486,322280,664,94,Excellent,Debt Reduction,Conservative,Intermediate
FH0074,2025-01-27 14:21:58.918918919,46,Mumbai,Self-Employed,4,132506,43844,88662,66.9,19045,662208,175376,4.0,24260,357828,827,100,Excellent,Retirement,Moderate,Advanced
FH0075,2025-01-27 23:06:40.000000000,45,Pune,Salaried,1,85527,65055,20472,23.9,37355,911539,442374,6.8,15327,429722,603,74,Good,Retirement,Conservative,Intermediate
FH0076,2025-01-28 07:51:21.081081081,49,Hyderabad,Salaried,3,72464,49781,22683,31.3,12066,167116,84628,1.7,6960,204022,658,71,Good,Home Purchase,Aggressive,Beginner
FH0077,2025-01-28 16:36:02.162162162,35,Mumbai,Salaried,2,124837,63643,61194,49.0,38365,307293,222750,3.5,19626,729758,704,93,Excellent,Wealth Building,Aggressive,Beginner
FH0078,2025-01-29 01:20:43.243243243,21,Bengaluru,Self-Employed,6,117978,45005,72973,61.9,17172,117555,112512,2.5,17928,273135,778,100,Excellent,Education,Moderate,Intermediate
FH0079,2025-01-29 10:05:24.324324324,45,Kolkata,Salaried,3,62932,29159,33773,53.7,2751,36705,113720,3.9,8493,182337,756,100,Excellent,Emergency Fund,Conservative,Advanced
FH0080,2025-01-29 18:50:05.405405405,27,Chennai,Self-Employed,4,52250,25636,26614,50.9,14311,464314,125616,4.9,5526,117644,762,100,Excellent,Retirement,Conservative,Advanced
FH0081,2025-01-30 03:34:46.486486486,29,Jaipur,Freelancer,1,42462,25278,17184,40.5,12874,237878,63195,2.5,5724,265001,661,80,Excellent,Retirement,Conservative,Intermediate
FH0082,2025-01-30 12:19:27.567567567,44,Pune,Self-Employed,4,110903,65500,45403,40.9,5427,149839,203050,3.1,28583,704448,739,95,Excellent,Emergency Fund,Conservative,Beginner
FH0083,2025-01-30 21:04:08.648648648,21,Delhi,Self-Employed,1,64162,49264,14898,23.2,11554,387620,280805,5.7,6374,240389,676,76,Good,Wealth Building,Moderate,Beginner
FH0084,2025-01-31 05:48:49.729729730,28,Chennai,Business Owner,5,77297,37336,39961,51.7,29071,530290,242684,6.5,15804,593189,712,100,Excellent,Debt Reduction,Aggressive,Beginner
FH0085,2025-01-31 14:33:30.810810811,44,Bengaluru,Freelancer,2,46017,16974,29043,63.1,13714,160979,81475,4.8,3526,60481,783,100,Excellent,Debt Reduction,Moderate,Beginner
FH0086,2025-01-31 23:18:11.891891892,31,Jaipur,Self-Employed,5,62893,26291,36602,58.2,10605,228151,92018,3.5,3667,110078,749,100,Excellent,Retirement,Moderate,Beginner
FH0087,2025-02-01 08:02:52.972972973,37,Bengaluru,Business Owner,5,148147,85448,62699,42.3,21085,700918,281978,3.3,51755,2254485,743,98,Excellent,Debt Reduction,Moderate,Beginner
FH0088,2025-02-01 16:47:34.054054054,28,Kolkata,Freelancer,4,56797,27148,29649,52.2,26880,809928,133025,4.9,8963,232664,714,98,Excellent,Travel,Aggressive,Intermediate
FH0089,2025-02-02 01:32:15.135135135,55,Kolkata,Freelancer,2,37115,20009,17106,46.1,1184,9442,86039,4.3,5928,270880,786,100,Excellent,Emergency Fund,Conservative,Beginner
FH0090,2025-02-02 10:16:56.216216216,55,Ahmedabad,Salaried,1,65710,33935,31775,48.4,13951,373568,16968,0.5,10623,159422,661,84,Excellent,Wealth Building,Moderate,Intermediate
FH0091,2025-02-02 19:01:37.297297297,53,Pune,Salaried,1,70258,50490,19768,28.1,2079,48143,247401,4.9,15352,139929,717,87,Excellent,Retirement,Moderate,Advanced
FH0092,2025-02-03 03:46:18.378378378,25,Chennai,Salaried,6,54961,27361,27600,50.2,21486,713849,57458,2.1,8164,354653,732,90,Excellent,Emergency Fund,Moderate,Intermediate
FH0093,2025-02-03 12:30:59.459459459,59,Lucknow,Salaried,3,97412,51353,46059,47.3,21340,206453,51353,1.0,17255,717853,708,87,Excellent,Debt Reduction,Aggressive,Intermediate
FH0094,2025-02-03 21:15:40.540540540,48,Lucknow,Self-Employed,6,69041,46977,22064,32.0,16788,369690,23488,0.5,3169,151126,653,64,Good,Emergency Fund,Moderate,Intermediate
FH0095,2025-02-04 06:00:21.621621621,27,Chennai,Business Owner,6,162130,81211,80919,49.9,94028,3044992,276117,3.4,30622,1057516,641,86,Excellent,Debt Reduction,Conservative,Beginner
FH0096,2025-02-04 14:45:02.702702703,29,Delhi,Business Owner,1,135552,86652,48900,36.1,19363,354357,155974,1.8,14020,635679,666,76,Good,Wealth Building,Moderate,Beginner
FH0097,2025-02-04 23:29:43.783783784,28,Pune,Salaried,4,89900,56314,33586,37.4,40214,822772,0,0.0,15015,611589,675,68,Good,Debt Reduction,Conservative,Beginner
FH0098,2025-02-05 08:14:24.864864865,32,Bengaluru,Freelancer,5,40848,24503,16345,40.0,6912,56083,75959,3.1,0,0,789,86,Excellent,Emergency Fund,Moderate,Beginner
FH0099,2025-02-05 16:59:05.945945946,54,Delhi,Self-Employed,5,82801,34874,47927,57.9,15703,225249,97647,2.8,13589,406365,740,100,Excellent,Wealth Building,Moderate,Intermediate
FH0100,2025-02-06 01:43:47.027027027,53,Hyderabad,Self-Employed,5,78534,59071,19463,24.8,44212,695685,206748,3.5,0,0,577,55,Fair,Debt Reduction,Moderate,Advanced
FH0101,2025-02-06 10:28:28.108108108,43,Chennai,Freelancer,2,36476,32496,3980,10.9,7261,249442,81240,2.5,3673,166209,617,52,Fair,Travel,Aggressive,Advanced
FH0102,2025-02-06 19:13:09.189189189,44,Bengaluru,Self-Employed,1,117778,68457,49321,41.9,4868,70489,513428,7.5,72,1739,682,99,Excellent,Home Purchase,Moderate,Beginner
FH0103,2025-02-07 03:57:50.270270270,57,Lucknow,Salaried,4,48828,21167,27661,56.6,12532,248460,101602,4.8,8023,229702,719,100,Excellent,Emergency Fund,Conservative,Advanced
FH0104,2025-02-07 12:42:31.351351351,55,Mumbai,Business Owner,2,88866,51904,36962,41.6,17555,458872,145331,2.8,11095,274455,707,86,Excellent,Home Purchase,Conservative,Beginner
FH0105,2025-02-07 21:27:12.432432432,60,Ahmedabad,Salaried,3,45592,32762,12830,28.1,12206,132624,121219,3.7,3011,89494,625,69,Good,Emergency Fund,Aggressive,Intermediate
FH0106,2025-02-08 06:11:53.513513513,42,Lucknow,Salaried,4,83080,41031,42049,50.6,16835,346688,270805,6.6,18312,471739,777,100,Excellent,Debt Reduction,Conservative,Beginner
FH0107,2025-02-08 14:56:34.594594594,47,Pune,Business Owner,6,64483,36236,28247,43.8,32759,922368,206545,5.7,3691,29582,615,84,Excellent,Debt Reduction,Conservative,Beginner
FH0108,2025-02-08 23:41:15.675675676,55,Kolkata,Salaried,4,80692,50650,30042,37.2,23592,755077,50650,1.0,0,0,711,71,Good,Wealth Building,Conservative,Beginner
FH0109,2025-02-09 08:25:56.756756757,21,Mumbai,Business Owner,4,158548,118662,39886,25.2,12724,315400,225458,1.9,24726,609855,733,73,Good,Retirement,Moderate,Advanced
FH0110,2025-02-09 17:10:37.837837838,55,Ahmedabad,Salaried,5,78445,54014,24431,31.1,18528,483055,118831,2.2,0,0,684,69,Good,Travel,Conservative,Beginner
FH0111,2025-02-10 01:55:18.918918919,57,Ahmedabad,Freelancer,4,76997,53464,23533,30.6,8935,87460,155046,2.9,4577,54219,686,75,Good,Retirement,Aggressive,Beginner
FH0112,2025-02-10 10:40:00.000000000,34,Hyderabad,Salaried,6,84794,44120,40674,48.0,15924,547360,114712,2.6,7105,43641,739,92,Excellent,Home Purchase,Aggressive,Advanced
FH0113,2025-02-10 19:24:41.081081081,23,Hyderabad,Freelancer,6,43036,27382,15654,36.4,4374,43640,106790,3.9,875,14264,695,83,Excellent,Debt Reduction,Aggressive,Advanced
FH0114,2025-02-11 04:09:22.162162162,21,Jaipur,Business Owner,1,181751,87045,94706,52.1,89771,2624921,461338,5.3,15529,552718,616,91,Excellent,Retirement,Conservative,Beginner
FH0115,2025-02-11 12:54:03.243243243,25,Lucknow,Salaried,4,55333,38643,16690,30.2,7200,100400,216401,5.6,1197,12169,653,80,Excellent,Debt Reduction,Aggressive,Intermediate
FH0116,2025-02-11 21:38:44.324324324,46,Lucknow,Self-Employed,5,78163,57932,20231,25.9,24182,822376,179589,3.1,10268,453571,642,67,Good,Emergency Fund,Aggressive,Beginner
FH0117,2025-02-12 06:23:25.405405405,34,Lucknow,Freelancer,4,53406,35113,18293,34.3,9503,262271,17556,0.5,1815,27281,658,68,Good,Retirement,Aggressive,Beginner
FH0118,2025-02-12 15:08:06.486486486,59,Jaipur,Salaried,3,77202,40806,36396,47.1,5358,153316,69370,1.7,9427,137568,734,91,Excellent,Home Purchase,Moderate,Intermediate
FH0119,2025-02-12 23:52:47.567567567,47,Delhi,Salaried,3,53843,29693,24150,44.9,13229,166312,83140,2.8,10841,147691,727,91,Excellent,Wealth Building,Moderate,Intermediate
FH0120,2025-02-13 08:37:28.648648649,29,Ahmedabad,Salaried,5,66540,55422,11118,16.7,18105,349267,72049,1.3,11629,76603,626,55,Fair,Retirement,Conservative,Intermediate
FH0121,2025-02-13 17:22:09.729729730,35,Mumbai,Salaried,1,42183,22395,19788,46.9,12344,302853,136610,6.1,4821,185203,745,100,Excellent,Debt Reduction,Aggressive,Intermediate
FH0122,2025-02-14 02:06:50.810810811,35,Pune,Business Owner,1,165358,120215,45143,27.3,0,0,168301,1.4,8398,359027,712,71,Good,Education,Conservative,Intermediate
FH0123,2025-02-14 10:51:31.891891892,46,Ahmedabad,Self-Employed,6,101168,63477,37691,37.3,6016,54859,317385,5.0,13267,421822,734,93,Excellent,Education,Conservative,Intermediate
FH0124,2025-02-14 19:36:12.972972973,33,Hyderabad,Salaried,6,58680,31289,27391,46.7,20214,704882,12516,0.4,4184,58176,673,77,Good,Wealth Building,Aggressive,Intermediate
FH0125,2025-02-15 04:20:54.054054054,52,Bengaluru,Salaried,2,55157,21608,33549,60.8,5512,180279,110201,5.1,7395,132974,738,100,Excellent,Wealth Building,Moderate,Intermediate
FH0126,2025-02-15 13:05:35.135135135,59,Kolkata,Self-Employed,5,100248,61114,39134,39.0,24699,348514,213899,3.5,0,0,678,80,Excellent,Travel,Conservative,Beginner
FH0127,2025-02-15 21:50:16.216216216,52,Jaipur,Salaried,4,50746,30080,20666,40.7,2865,87906,204544,6.8,8957,412761,706,100,Excellent,Wealth Building,Aggressive,Intermediate
FH0128,2025-02-16 06:34:57.297297297,24,Chennai,Salaried,5,67916,56568,11348,16.7,21401,461186,84852,1.5,8308,136158,608,52,Fair,Debt Reduction,Aggressive,Intermediate
FH0129,2025-02-16 15:19:38.378378378,50,Bengaluru,Freelancer,2,90092,41404,48688,54.0,30727,610060,111791,2.7,24739,908642,683,97,Excellent,Emergency Fund,Conservative,Intermediate
FH0130,2025-02-17 00:04:19.459459459,57,Pune,Self-Employed,6,60225,54202,6023,10.0,18980,292919,168026,3.1,12733,311409,623,54,Fair,Retirement,Aggressive,Intermediate
FH0131,2025-02-17 08:49:00.540540540,43,Lucknow,Self-Employed,5,91016,57616,33400,36.7,32241,755376,201656,3.5,14529,268926,641,78,Good,Wealth Building,Moderate,Beginner
FH0132,2025-02-17 17:33:41.621621621,59,Hyderabad,Business Owner,5,122852,77753,45099,36.7,52004,1450739,241034,3.1,13676,343930,641,74,Good,Education,Moderate,Intermediate
FH0133,2025-02-18 02:18:22.702702703,35,Hyderabad,Salaried,6,62823,31221,31602,50.3,4232,77564,96785,3.1,4330,38930,758,98,Excellent,Emergency Fund,Conservative,Beginner
FH0134,2025-02-18 11:03:03.783783784,49,Hyderabad,Business Owner,2,92218,57549,34669,37.6,10833,269488,178402,3.1,17150,678195,751,89,Excellent,Debt Reduction,Conservative,Advanced
FH0135,2025-02-18 19:47:44.864864865,56,Lucknow,Salaried,6,99441,64261,35180,35.4,33480,903270,0,0.0,10336,167636,727,70,Good,Emergency Fund,Conservative,Intermediate
FH0136,2025-02-19 04:32:25.945945946,33,Chennai,Salaried,1,52733,37505,15228,28.9,19349,528879,217529,5.8,10641,388049,705,82,Excellent,Debt Reduction,Conservative,Beginner
FH0137,2025-02-19 13:17:07.027027027,52,Jaipur,Salaried,4,34473,15273,19200,55.7,4562,34484,145094,9.5,5104,45276,718,100,Excellent,Travel,Aggressive,Intermediate
FH0138,2025-02-19 22:01:48.108108108,27,Bengaluru,Salaried,6,81335,63193,18142,22.3,10028,318815,278049,4.4,12083,557197,652,73,Good,Retirement,Moderate,Intermediate
FH0139,2025-02-20 06:46:29.189189189,42,Lucknow,Self-Employed,2,52540,33132,19408,36.9,7104,140287,49698,1.5,8491,119779,687,79,Good,Emergency Fund,Aggressive,Beginner
FH0140,2025-02-20 15:31:10.270270270,48,Pune,Salaried,3,82810,55081,27729,33.5,939,13026,93638,1.7,4606,198404,731,78,Good,Retirement,Moderate,Intermediate
FH0141,2025-02-21 00:15:51.351351351,22,Jaipur,Salaried,1,103711,56944,46767,45.1,5675,75210,284720,5.0,5025,200989,756,99,Excellent,Emergency Fund,Conservative,Intermediate
FH0142,2025-02-21 09:00:32.432432432,26,Pune,Salaried,3,81028,36467,44561,55.0,4688,96059,167748,4.6,3730,174005,754,100,Excellent,Debt Reduction,Aggressive,Intermediate
FH0143,2025-02-21 17:45:13.513513513,48,Jaipur,Salaried,6,94574,55816,38758,41.0,17190,560479,178611,3.2,18283,476664,687,88,Excellent,Debt Reduction,Aggressive,Beginner
FH0144,2025-02-22 02:29:54.594594594,48,Chennai,Business Owner,1,223073,135232,87841,39.4,56930,987760,716730,5.3,12001,438645,657,86,Excellent,Emergency Fund,Conservative,Intermediate
FH0145,2025-02-22 11:14:35.675675676,40,Kolkata,Salaried,4,91173,35196,55977,61.4,25196,717879,0,0.0,5700,122948,662,90,Excellent,Travel,Conservative,Advanced
FH0146,2025-02-22 19:59:16.756756757,50,Pune,Self-Employed,6,89813,62066,27747,30.9,13821,123070,328950,5.3,14157,194566,640,82,Excellent,Debt Reduction,Moderate,Advanced
FH0147,2025-02-23 04:43:57.837837838,31,Lucknow,Salaried,4,115154,82855,32299,28.0,18089,366876,356276,4.3,11787,290069,706,78,Good,Home Purchase,Moderate,Intermediate
FH0148,2025-02-23 13:28:38.918918919,48,Jaipur,Self-Employed,5,147850,70650,77200,52.2,34904,1247838,127170,1.8,13811,179011,785,95,Excellent,Home Purchase,Aggressive,Advanced
FH0149,2025-02-23 22:13:20.000000000,45,Hyderabad,Business Owner,3,204292,89243,115049,56.3,5213,151767,80319,0.9,17843,843008,831,100,Excellent,Retirement,Conservative,Intermediate
FH0150,2025-02-24 06:58:01.081081081,59,Ahmedabad,Salaried,1,54715,29414,25301,46.2,18862,232302,117656,4.0,0,0,728,88,Excellent,Wealth Building,Conservative,Intermediate
FH0151,2025-02-24 15:42:42.162162162,53,Hyderabad,Business Owner,4,68482,39949,28533,41.7,26509,557835,263663,6.6,3583,110166,640,88,Excellent,Home Purchase,Moderate,Intermediate
FH0152,2025-02-25 00:27:23.243243243,21,Delhi,Salaried,2,53558,29083,24475,45.7,7427,96616,95974,3.3,10857,350806,691,94,Excellent,Home Purchase,Moderate,Beginner
FH0153,2025-02-25 09:12:04.324324324,47,Kolkata,Salaried,4,83151,47518,35633,42.9,13986,255760,99788,2.1,6839,195591,655,82,Excellent,Travel,Conservative,Intermediate
FH0154,2025-02-25 17:56:45.405405406,33,Kolkata,Freelancer,2,63437,38760,24677,38.9,24209,711806,162792,4.2,0,0,648,77,Good,Travel,Moderate,Intermediate
FH0155,2025-02-26 02:41:26.486486487,23,Hyderabad,Salaried,6,60468,23488,36980,61.2,12336,359431,173811,7.4,2990,32530,770,100,Excellent,Wealth Building,Moderate,Intermediate
FH0156,2025-02-26 11:26:07.567567568,59,Bengaluru,Salaried,1,79088,31994,47094,59.5,23447,301130,150372,4.7,11483,336576,710,100,Excellent,Education,Moderate,Intermediate
FH0157,2025-02-26 20:10:48.648648649,26,Chennai,Business Owner,4,65739,16435,49304,75.0,13674,460358,80532,4.9,9453,170749,823,100,Excellent,Wealth Building,Conservative,Intermediate
FH0158,2025-02-27 04:55:29.729729730,28,Pune,Salaried,4,68292,48621,19671,28.8,28841,685754,301450,6.2,6788,308768,653,77,Good,Education,Moderate,Beginner
FH0159,2025-02-27 13:40:10.810810811,47,Lucknow,Business Owner,1,162705,94716,67989,41.8,46161,803097,445165,4.7,11675,443732,678,87,Excellent,Travel,Moderate,Beginner
FH0160,2025-02-27 22:24:51.891891892,29,Kolkata,Salaried,4,78779,57249,21530,27.3,22940,483072,125948,2.2,1721,80621,603,61,Good,Education,Aggressive,Beginner
FH0161,2025-02-28 07:09:32.972972973,57,Hyderabad,Freelancer,2,76438,32159,44279,57.9,22444,542071,9648,0.3,11143,84434,789,96,Excellent,Travel,Conservative,Intermediate
FH0162,2025-02-28 15:54:14.054054054,53,Hyderabad,Self-Employed,4,139925,81635,58290,41.7,20686,471573,163270,2.0,24998,449354,720,87,Excellent,Education,Conservative,Beginner
FH0163,2025-03-01 00:38:55.135135135,44,Chennai,Self-Employed,3,78169,47689,30480,39.0,12490,257196,76302,1.6,16433,233476,776,87,Excellent,Debt Reduction,Aggressive,Intermediate
FH0164,2025-03-01 09:23:36.216216216,35,Chennai,Freelancer,6,47740,23934,23806,49.9,15277,323078,122063,5.1,2017,13047,715,96,Excellent,Travel,Moderate,Beginner
FH0165,2025-03-01 18:08:17.297297297,52,Mumbai,Salaried,5,98565,35732,62833,63.7,23304,263157,192953,5.4,21249,343760,774,100,Excellent,Wealth Building,Moderate,Intermediate
FH0166,2025-03-02 02:52:58.378378379,52,Mumbai,Freelancer,2,90399,74527,15872,17.6,6049,183781,313013,4.2,10490,361995,627,67,Good,Retirement,Moderate,Advanced
FH0167,2025-03-02 11:37:39.459459460,44,Bengaluru,Salaried,3,79027,61317,17710,22.4,36629,815098,79712,1.3,9630,151246,589,53,Fair,Retirement,Conservative,Intermediate
FH0168,2025-03-02 20:22:20.540540541,32,Bengaluru,Salaried,6,61452,32356,29096,47.3,21333,211888,239434,7.4,11218,307128,645,100,Excellent,Travel,Moderate,Beginner
FH0169,2025-03-03 05:07:01.621621622,59,Delhi,Salaried,1,65031,42363,22668,34.9,14625,423901,127089,3.0,5341,231203,637,75,Good,Home Purchase,Moderate,Intermediate
FH0170,2025-03-03 13:51:42.702702703,22,Bengaluru,Salaried,2,41576,21292,20284,48.8,7668,260507,106460,5.0,0,0,759,98,Excellent,Retirement,Moderate,Beginner
FH0171,2025-03-03 22:36:23.783783784,23,Jaipur,Salaried,5,95959,42284,53675,55.9,23589,811915,164908,3.9,16250,366834,734,100,Excellent,Wealth Building,Conservative,Beginner
FH0172,2025-03-04 07:21:04.864864865,57,Chennai,Business Owner,6,160398,134063,26335,16.4,46079,786593,563065,4.2,23161,501290,603,61,Good,Home Purchase,Aggressive,Beginner
FH0173,2025-03-04 16:05:45.945945946,37,Lucknow,Business Owner,5,69504,24205,45299,65.2,0,0,118605,4.9,6588,165628,790,100,Excellent,Retirement,Moderate,Beginner
FH0174,2025-03-05 00:50:27.027027027,22,Jaipur,Freelancer,1,81289,43898,37391,46.0,40206,866519,105355,2.4,13297,178655,655,81,Excellent,Emergency Fund,Moderate,Beginner
FH0175,2025-03-05 09:35:08.108108108,22,Pune,Salaried,1,74875,44311,30564,40.8,8784,82379,283590,6.4,13319,434573,761,100,Excellent,Emergency Fund,Aggressive,Beginner
FH0176,2025-03-05 18:19:49.189189189,48,Hyderabad,Self-Employed,2,55943,45379,10564,18.9,12294,418237,27227,0.6,792,16865,642,52,Fair,Travel,Moderate,Beginner
FH0177,2025-03-06 03:04:30.270270270,43,Bengaluru,Salaried,4,42618,30068,12550,29.4,9569,110114,51116,1.7,5181,216562,626,67,Good,Wealth Building,Moderate,Intermediate
FH0178,2025-03-06 11:49:11.351351352,57,Hyderabad,Salaried,1,74077,25622,48455,65.4,35527,482562,163981,6.4,0,0,766,100,Excellent,Wealth Building,Aggressive,Advanced
FH0179,2025-03-06 20:33:52.432432433,52,Kolkata,Salaried,6,56554,32780,23774,42.0,11794,214640,163900,5.0,6297,199247,769,95,Excellent,Retirement,Moderate,Advanced
FH0180,2025-03-07 05:18:33.513513514,53,Delhi,Salaried,4,122900,71644,51256,41.7,52418,917049,637632,8.9,11541,245783,686,98,Excellent,Debt Reduction,Moderate,Beginner
FH0181,2025-03-07 14:03:14.594594595,21,Kolkata,Self-Employed,3,111657,61192,50465,45.2,30468,909162,238649,3.9,17244,255507,738,93,Excellent,Home Purchase,Aggressive,Intermediate
FH0182,2025-03-07 22:47:55.675675676,39,Delhi,Self-Employed,5,94426,62961,31465,33.3,8966,176536,453319,7.2,4238,163580,746,93,Excellent,Retirement,Conservative,Advanced
FH0183,2025-03-08 07:32:36.756756757,22,Mumbai,Salaried,4,78059,29875,48184,61.7,18540,206221,2988,0.1,7064,186696,704,94,Excellent,Travel,Conservative,Beginner
FH0184,2025-03-08 16:17:17.837837838,46,Hyderabad,Salaried,5,103564,54142,49422,47.7,21189,296991,54142,1.0,0,0,792,86,Excellent,Home Purchase,Aggressive,Intermediate
FH0185,2025-03-09 01:01:58.918918919,52,Delhi,Salaried,4,87415,56561,30854,35.3,6912,147042,316742,5.6,13901,197357,750,94,Excellent,Education,Moderate,Intermediate
FH0186,2025-03-09 09:46:40.000000000,26,Ahmedabad,Salaried,3,77425,52273,25152,32.5,20634,215081,15682,0.3,8812,114088,687,68,Good,Travel,Aggressive,Advanced
FH0187,2025-03-09 18:31:21.081081081,52,Jaipur,Freelancer,1,42574,25584,16990,39.9,9489,231054,86986,3.4,5369,207462,695,85,Excellent,Retirement,Conservative,Advanced
FH0188,2025-03-10 03:16:02.162162162,24,Delhi,Salaried,3,189819,102431,87388,46.0,55491,1274763,624829,6.1,2935,45837,659,92,Excellent,Debt Reduction,Conservative,Intermediate
FH0189,2025-03-10 12:00:43.243243243,31,Delhi,Salaried,1,44180,24883,19297,43.7,10830,297187,119438,4.8,6533,183701,695,93,Excellent,Education,Conservative,Intermediate
FH0190,2025-03-10 20:45:24.324324325,37,Jaipur,Salaried,1,58265,39833,18432,31.6,7887,269192,151365,3.8,13733,342844,706,85,Excellent,Travel,Moderate,Beginner
FH0191,2025-03-11 05:30:05.405405406,58,Hyderabad,Business Owner,5,61641,36044,25597,41.5,19718,657943,104528,2.9,6599,200238,648,80,Excellent,Retirement,Moderate,Beginner
FH0192,2025-03-11 14:14:46.486486487,44,Hyderabad,Freelancer,6,72452,31454,40998,56.6,10058,345817,132107,4.2,11991,513701,762,100,Excellent,Emergency Fund,Moderate,Intermediate
FH0193,2025-03-11 22:59:27.567567568,25,Jaipur,Business Owner,3,115974,47237,68737,59.3,0,0,236185,5.0,6849,290708,756,100,Excellent,Wealth Building,Conservative,Beginner
FH0194,2025-03-12 07:44:08.648648649,54,Kolkata,Self-Employed,4,104572,38843,65729,62.9,24755,246237,97108,2.5,11986,298993,753,100,Excellent,Retirement,Moderate,Beginner
FH0195,2025-03-12 16:28:49.729729730,26,Ahmedabad,Salaried,3,35365,27718,7647,21.6,5233,78852,124731,4.5,453,3010,611,66,Good,Emergency Fund,Moderate,Beginner
FH0196,2025-03-13 01:13:30.810810811,42,Lucknow,Salaried,5,95957,66502,29455,30.7,25877,850126,399012,6.0,16809,401914,613,81,Excellent,Emergency Fund,Conservative,Advanced
FH0197,2025-03-13 09:58:11.891891892,31,Pune,Freelancer,1,45229,25559,19670,43.5,21703,763112,86901,3.4,5934,186684,676,82,Excellent,Travel,Aggressive,Beginner
FH0198,2025-03-13 18:42:52.972972973,36,Ahmedabad,Business Owner,5,104410,53925,50485,48.4,50493,1604655,210308,3.9,3618,106464,658,85,Excellent,Retirement,Conservative,Beginner
FH0199,2025-03-14 03:27:34.054054054,53,Hyderabad,Self-Employed,2,110839,55381,55458,50.0,22005,204658,265829,4.8,7079,236128,717,98,Excellent,Wealth Building,Moderate,Intermediate
FH0200,2025-03-14 12:12:15.135135135,29,Lucknow,Business Owner,2,120533,88357,32176,26.7,13566,466980,432949,4.9,14979,186806,658,78,Good,Retirement,Aggressive,Intermediate
FH0201,2025-03-14 20:56:56.216216216,26,Mumbai,Self-Employed,4,89856,76074,13782,15.3,26598,497402,426014,5.6,16594,550165,708,71,Good,Emergency Fund,Moderate,Beginner
FH0202,2025-03-15 05:41:37.297297297,36,Bengaluru,Self-Employed,5,105820,52407,53413,50.5,18187,114202,94333,1.8,23658,323437,762,97,Excellent,Home Purchase,Conservative,Advanced
FH0203,2025-03-15 14:26:18.378378379,49,Delhi,Freelancer,4,69715,51546,18169,26.1,18888,364006,139174,2.7,7711,289332,675,68,Good,Education,Conservative,Intermediate
FH0204,2025-03-15 23:10:59.459459460,23,Jaipur,Freelancer,4,53248,31093,22155,41.6,7140,52708,87060,2.8,1303,26375,694,84,Excellent,Debt Reduction,Aggressive,Intermediate
FH0205,2025-03-16 07:55:40.540540541,40,Jaipur,Self-Employed,2,75472,41529,33943,45.0,19063,425416,83058,2.0,10316,369474,727,87,Excellent,Retirement,Conservative,Beginner
FH0206,2025-03-16 16:40:21.621621622,56,Delhi,Self-Employed,4,86158,68116,18042,20.9,9860,159304,13623,0.2,21104,169051,654,62,Good,Education,Moderate,Intermediate
FH0207,2025-03-17 01:25:02.702702703,39,Bengaluru,Salaried,2,47510,27488,20022,42.1,17767,358948,0,0.0,304,7032,652,68,Good,Education,Aggressive,Intermediate
FH0208,2025-03-17 10:09:43.783783784,46,Pune,Self-Employed,1,113367,70457,42910,37.9,16246,396323,436833,6.2,6029,214701,775,95,Excellent,Home Purchase,Aggressive,Beginner
FH0209,2025-03-17 18:54:24.864864865,23,Bengaluru,Salaried,5,71910,44207,27703,38.5,22000,705409,30945,0.7,11705,181762,700,76,Good,Education,Moderate,Beginner
FH0210,2025-03-18 03:39:05.945945946,39,Lucknow,Self-Employed,4,82121,28941,53180,64.8,4564,118012,199693,6.9,10737,423060,823,100,Excellent,Retirement,Moderate,Beginner
FH0211,2025-03-18 12:23:47.027027027,40,Bengaluru,Freelancer,2,91078,56503,34575,38.0,29286,557063,299466,5.3,7455,242233,642,83,Excellent,Travel,Aggressive,Advanced
FH0212,2025-03-18 21:08:28.108108108,52,Lucknow,Self-Employed,3,76707,38447,38260,49.9,7239,221389,115341,3.0,10387,318648,708,96,Excellent,Travel,Moderate,Beginner
FH0213,2025-03-19 05:53:09.189189189,27,Bengaluru,Salaried,4,60980,23236,37744,61.9,15486,513631,116180,5.0,11490,239556,758,100,Excellent,Education,Conservative,Advanced
FH0214,2025-03-19 14:37:50.270270270,53,Pune,Salaried,6,54859,27846,27013,49.2,19366,185774,130876,4.7,6205,162962,684,94,Excellent,Retirement,Conservative,Beginner
FH0215,2025-03-19 23:22:31.351351352,60,Pune,Salaried,1,73293,37119,36174,49.4,14219,312221,59390,1.6,7841,243766,755,91,Excellent,Retirement,Conservative,Intermediate
FH0216,2025-03-20 08:07:12.432432433,59,Hyderabad,Business Owner,1,122540,88741,33799,27.6,10564,153552,337216,3.8,19757,510588,711,80,Excellent,Emergency Fund,Aggressive,Intermediate
FH0217,2025-03-20 16:51:53.513513514,38,Delhi,Salaried,3,51480,22191,29289,56.9,14650,108583,39944,1.8,5203,183818,742,96,Excellent,Home Purchase,Moderate,Beginner
FH0218,2025-03-21 01:36:34.594594595,60,Pune,Salaried,2,61081,28673,32408,53.1,6760,176141,146232,5.1,12215,295790,788,100,Excellent,Wealth Building,Aggressive,Intermediate
FH0219,2025-03-21 10:21:15.675675676,21,Lucknow,Salaried,4,51600,31628,19972,38.7,8640,275470,75907,2.4,13513,195877,713,87,Excellent,Debt Reduction,Moderate,Beginner
FH0220,2025-03-21 19:05:56.756756757,31,Pune,Business Owner,2,85951,33898,52053,60.6,21875,238155,122033,3.6,4942,74057,725,100,Excellent,Wealth Building,Moderate,Beginner
FH0221,2025-03-22 03:50:37.837837838,48,Hyderabad,Business Owner,1,60040,29284,30756,51.2,23829,723744,102494,3.5,1951,12182,695,89,Excellent,Emergency Fund,Moderate,Intermediate
FH0222,2025-03-22 12:35:18.918918919,45,Jaipur,Salaried,2,59953,20802,39151,65.3,13397,423370,83208,4.0,8754,163177,780,100,Excellent,Debt Reduction,Conservative,Beginner
FH0223,2025-03-22 21:20:00.000000000,43,Lucknow,Salaried,1,35824,25392,10432,29.1,7988,267041,180283,7.1,1075,40264,700,84,Excellent,Wealth Building,Aggressive,Intermediate
FH0224,2025-03-23 06:04:41.081081081,51,Hyderabad,Salaried,2,55279,29730,25549,46.2,17461,243730,98109,3.3,1593,62692,710,87,Excellent,Retirement,Moderate,Beginner
FH0225,2025-03-23 14:49:22.162162162,50,Kolkata,Self-Employed,3,64559,37300,27259,42.2,14626,484393,231260,6.2,0,0,686,91,Excellent,Travel,Moderate,Beginner
FH0226,2025-03-23 23:34:03.243243243,55,Kolkata,Self-Employed,5,115606,81877,33729,29.2,34985,546462,393010,4.8,10779,498850,687,77,Good,Emergency Fund,Conservative,Intermediate
FH0227,2025-03-24 08:18:44.324324325,27,Mumbai,Salaried,3,45566,21821,23745,52.1,16413,370444,144019,6.6,5363,145342,725,100,Excellent,Wealth Building,Aggressive,Intermediate
FH0228,2025-03-24 17:03:25.405405406,36,Bengaluru,Self-Employed,3,61290,32871,28419,46.4,10872,81706,101900,3.1,5135,228575,781,94,Excellent,Education,Aggressive,Beginner
FH0229,2025-03-25 01:48:06.486486487,46,Delhi,Salaried,5,56875,24576,32299,56.8,0,0,127795,5.2,12360,441056,793,100,Excellent,Education,Moderate,Intermediate
FH0230,2025-03-25 10:32:47.567567568,22,Chennai,Freelancer,5,48974,21147,27827,56.8,5567,153712,78244,3.7,10388,377523,734,100,Excellent,Debt Reduction,Moderate,Beginner
FH0231,2025-03-25 19:17:28.648648649,21,Ahmedabad,Salaried,4,104965,47352,57613,54.9,39585,765352,0,0.0,26768,256219,758,92,Excellent,Retirement,Moderate,Advanced
FH0232,2025-03-26 04:02:09.729729730,32,Hyderabad,Salaried,4,43636,22300,21336,48.9,9408,128784,35680,1.6,5378,81959,708,89,Excellent,Travel,Conservative,Beginner
FH0233,2025-03-26 12:46:50.810810811,25,Jaipur,Salaried,3,56917,29946,26971,47.4,10012,117265,149730,5.0,11547,73557,741,100,Excellent,Debt Reduction,Conservative,Beginner
FH0234,2025-03-26 21:31:31.891891892,57,Ahmedabad,Self-Employed,3,89860,55750,34110,38.0,33399,871667,267600,4.8,12726,459120,674,84,Excellent,Wealth Building,Moderate,Intermediate
FH0235,2025-03-27 06:16:12.972972973,52,Jaipur,Business Owner,1,149739,68166,81573,54.5,30970,186193,81799,1.2,20153,412460,748,95,Excellent,Wealth Building,Conservative,Beginner
FH0236,2025-03-27 15:00:54.054054054,29,Ahmedabad,Salaried,1,56900,35548,21352,37.5,0,0,149302,4.2,4966,193870,727,90,Excellent,Travel,Moderate,Beginner
FH0237,2025-03-27 23:45:35.135135135,55,Hyderabad,Self-Employed,4,40882,26487,14395,35.2,994,8327,127138,4.8,0,0,663,84,Excellent,Wealth Building,Moderate,Beginner
FH0238,2025-03-28 08:30:16.216216216,39,Chennai,Business Owner,6,104370,53699,50671,48.5,28642,336391,198686,3.7,17180,694278,681,93,Excellent,Home Purchase,Moderate,Advanced
FH0239,2025-03-28 17:14:57.297297298,36,Ahmedabad,Salaried,6,104334,48759,55575,53.3,22046,387725,258423,5.3,20949,240690,781,100,Excellent,Travel,Conservative,Advanced
FH0240,2025-03-29 01:59:38.378378379,23,Hyderabad,Salaried,4,71747,42468,29279,40.8,29352,603059,212340,5.0,948,12591,684,83,Excellent,Education,Moderate,Intermediate
FH0241,2025-03-29 10:44:19.459459460,40,Pune,Freelancer,1,65176,35951,29225,44.8,8126,135297,133019,3.7,7777,158004,799,97,Excellent,Wealth Building,Conservative,Intermediate
FH0242,2025-03-29 19:29:00.540540541,44,Chennai,Salaried,1,44806,27370,17436,38.9,8055,125830,76636,2.8,8487,196529,668,84,Excellent,Wealth Building,Moderate,Intermediate
FH0243,2025-03-30 04:13:41.621621622,53,Lucknow,Salaried,6,43224,34570,8654,20.0,4539,158490,203963,5.9,4099,84626,660,74,Good,Emergency Fund,Moderate,Intermediate
FH0244,2025-03-30 12:58:22.702702703,44,Jaipur,Freelancer,2,60380,35601,24779,41.0,9197,232200,167325,4.7,12288,467843,756,97,Excellent,Emergency Fund,Aggressive,Beginner
FH0245,2025-03-30 21:43:03.783783784,31,Kolkata,Salaried,2,39455,19353,20102,50.9,0,0,19353,1.0,4347,43783,753,95,Excellent,Emergency Fund,Conservative,Advanced
FH0246,2025-03-31 06:27:44.864864865,28,Bengaluru,Salaried,1,85444,38901,46543,54.5,14514,274391,163384,4.2,7112,147582,736,100,Excellent,Travel,Aggressive,Beginner
FH0247,2025-03-31 15:12:25.945945946,56,Kolkata,Salaried,2,48330,22265,26065,53.9,10307,332403,33398,1.5,10029,412835,733,97,Excellent,Education,Conservative,Beginner
FH0248,2025-03-31 23:57:07.027027027,58,Chennai,Freelancer,5,59484,22319,37165,62.5,12032,181006,42406,1.9,3250,28618,756,100,Excellent,Travel,Moderate,Advanced
FH0249,2025-04-01 08:41:48.108108108,60,Lucknow,Salaried,4,33595,23872,9723,28.9,16779,148271,59680,2.5,2327,106061,635,62,Good,Retirement,Moderate,Intermediate
FH0250,2025-04-01 17:26:29.189189189,40,Jaipur,Salaried,4,56631,15140,41491,73.3,25957,746304,59046,3.9,3246,153943,695,100,Excellent,Education,Moderate,Beginner
FH0251,2025-04-02 02:11:10.270270271,55,Lucknow,Salaried,1,42920,27827,15093,35.2,5253,127020,125222,4.5,1718,16699,761,87,Excellent,Education,Moderate,Beginner
FH0252,2025-04-02 10:55:51.351351352,45,Ahmedabad,Salaried,3,28838,13221,15617,54.2,0,0,39663,3.0,3769,68722,749,100,Excellent,Travel,Moderate,Intermediate
FH0253,2025-04-02 19:40:32.432432433,55,Jaipur,Salaried,6,78573,39936,38637,49.2,16273,123794,123802,3.1,6608,143003,656,90,Excellent,Travel,Conservative,Intermediate
FH0254,2025-04-03 04:25:13.513513514,45,Ahmedabad,Salaried,1,115445,52445,63000,54.6,31049,317165,146846,2.8,17802,687307,735,99,Excellent,Emergency Fund,Aggressive,Intermediate
FH0255,2025-04-03 13:09:54.594594595,49,Hyderabad,Self-Employed,2,118788,92942,25846,21.8,12845,316969,548358,5.9,0,0,653,73,Good,Education,Conservative,Beginner
FH0256,2025-04-03 21:54:35.675675676,38,Chennai,Salaried,6,82515,48047,34468,41.8,9454,115667,0,0.0,3418,113011,719,78,Good,Emergency Fund,Conservative,Advanced
FH0257,2025-04-04 06:39:16.756756757,38,Hyderabad,Salaried,3,56230,38835,17395,30.9,23939,505642,124272,3.2,6951,262855,647,70,Good,Retirement,Conservative,Beginner
FH0258,2025-04-04 15:23:57.837837838,22,Mumbai,Salaried,2,86181,65676,20505,23.8,16074,359197,453164,6.9,19208,210426,680,84,Excellent,Home Purchase,Conservative,Intermediate
FH0259,2025-04-05 00:08:38.918918919,55,Lucknow,Salaried,5,99757,60141,39616,39.7,30535,442917,288677,4.8,14614,599098,743,91,Excellent,Emergency Fund,Moderate,Intermediate
FH0260,2025-04-05 08:53:20.000000000,36,Ahmedabad,Salaried,2,68188,28135,40053,58.7,6755,232728,177250,6.3,5369,191330,754,100,Excellent,Travel,Moderate,Beginner
FH0261,2025-04-05 17:38:01.081081081,56,Pune,Business Owner,5,72672,39905,32767,45.1,15450,483182,0,0.0,1143,34574,744,79,Good,Wealth Building,Conservative,Beginner
FH0262,2025-04-06 02:22:42.162162162,53,Hyderabad,Salaried,6,54576,25983,28593,52.4,9620,266197,33778,1.3,4074,176685,770,93,Excellent,Debt Reduction,Conservative,Advanced
FH0263,2025-04-06 11:07:23.243243243,24,Mumbai,Salaried,5,117958,60101,57857,49.0,15594,130051,288485,4.8,13804,488839,651,97,Excellent,Home Purchase,Moderate,Advanced
FH0264,2025-04-06 19:52:04.324324325,53,Delhi,Salaried,6,63322,35888,27434,43.3,23441,215280,247627,6.9,0,0,654,90,Excellent,Retirement,Moderate,Beginner
FH0265,2025-04-07 04:36:45.405405406,34,Kolkata,Freelancer,6,20000,11224,8776,43.9,789,16398,16836,1.5,701,16859,700,84,Excellent,Wealth Building,Aggressive,Advanced
FH0266,2025-04-07 13:21:26.486486487,41,Jaipur,Self-Employed,6,47842,30509,17333,36.2,12391,134088,91527,3.0,3271,87499,698,78,Good,Travel,Aggressive,Beginner
FH0267,2025-04-07 22:06:07.567567568,40,Mumbai,Self-Employed,6,68956,45375,23581,34.2,11987,423716,208725,4.6,7032,58500,703,84,Excellent,Home Purchase,Aggressive,Intermediate
FH0268,2025-04-08 06:50:48.648648649,28,Chennai,Salaried,6,93403,52420,40983,43.9,25586,275193,47178,0.9,10853,500267,715,81,Excellent,Travel,Moderate,Beginner
FH0269,2025-04-08 15:35:29.729729730,27,Hyderabad,Freelancer,2,54530,34708,19822,36.4,9575,197475,166598,4.8,4212,48018,687,85,Excellent,Emergency Fund,Moderate,Advanced
FH0270,2025-04-09 00:20:10.810810811,23,Chennai,Salaried,6,94013,47297,46716,49.7,31281,529388,0,0.0,14611,515671,702,83,Excellent,Wealth Building,Conservative,Beginner
FH0271,2025-04-09 09:04:51.891891892,37,Kolkata,Salaried,2,54067,41311,12756,23.6,5290,133211,198293,4.8,6960,189741,672,76,Good,Travel,Moderate,Intermediate
FH0272,2025-04-09 17:49:32.972972973,53,Pune,Salaried,6,32684,16369,16315,49.9,12109,119529,29464,1.8,3075,21760,689,85,Excellent,Wealth Building,Conservative,Intermediate
FH0273,2025-04-10 02:34:14.054054054,32,Lucknow,Salaried,5,54726,40913,13813,25.2,11835,223794,118648,2.9,9033,405034,684,71,Good,Retirement,Aggressive,Beginner
FH0274,2025-04-10 11:18:55.135135135,42,Lucknow,Freelancer,6,67699,25275,42424,62.7,3202,45600,128902,5.1,10787,450650,762,100,Excellent,Debt Reduction,Moderate,Intermediate
FH0275,2025-04-10 20:03:36.216216216,42,Chennai,Business Owner,3,120562,63505,57057,47.3,37185,1213441,298474,4.7,2198,61585,679,90,Excellent,Emergency Fund,Moderate,Beginner
FH0276,2025-04-11 04:48:17.297297298,50,Ahmedabad,Salaried,6,41892,22356,19536,46.6,8133,58701,84953,3.8,4933,77032,729,94,Excellent,Emergency Fund,Conservative,Intermediate
FH0277,2025-04-11 13:32:58.378378379,58,Pune,Self-Employed,6,70747,43797,26950,38.1,0,0,249643,5.7,12898,143273,721,98,Excellent,Wealth Building,Moderate,Beginner
FH0278,2025-04-11 22:17:39.459459460,58,Lucknow,Freelancer,5,153543,107581,45962,29.9,40416,1252485,43032,0.4,29791,633431,624,65,Good,Retirement,Conservative,Intermediate
FH0279,2025-04-12 07:02:20.540540541,28,Pune,Freelancer,4,38966,15785,23181,59.5,13672,204084,66297,4.2,5688,95149,754,100,Excellent,Retirement,Conservative,Advanced
FH0280,2025-04-12 15:47:01.621621622,47,Mumbai,Self-Employed,5,100814,42834,57980,57.5,38983,1156966,94235,2.2,10451,285114,703,94,Excellent,Home Purchase,Moderate,Beginner
FH0281,2025-04-13 00:31:42.702702703,47,Pune,Freelancer,3,28804,11053,17751,61.6,4920,34127,61897,5.6,4306,200613,744,100,Excellent,Debt Reduction,Conservative,Beginner
FH0282,2025-04-13 09:16:23.783783784,54,Bengaluru,Freelancer,4,81180,62089,19091,23.5,19393,678871,322863,5.2,14332,432082,641,74,Good,Travel,Moderate,Intermediate
FH0283,2025-04-13 18:01:04.864864865,41,Kolkata,Business Owner,1,80493,50040,30453,37.8,18237,397527,260208,5.2,10312,447305,661,87,Excellent,Home Purchase,Moderate,Intermediate
FH0284,2025-04-14 02:45:45.945945946,50,Lucknow,Salaried,1,74822,32038,42784,57.2,30952,467327,227470,7.1,10176,339236,716,100,Excellent,Travel,Aggressive,Advanced
FH0285,2025-04-14 11:30:27.027027027,53,Pune,Salaried,3,41362,21424,19938,48.2,4742,80033,130686,6.1,4240,110072,731,100,Excellent,Travel,Moderate,Beginner
FH0286,2025-04-14 20:15:08.108108108,48,Chennai,Business Owner,5,121788,90786,31002,25.5,19437,155344,317751,3.5,3218,134813,650,69,Good,Travel,Moderate,Beginner
FH0287,2025-04-15 04:59:49.189189189,53,Delhi,Salaried,2,47293,25589,21704,45.9,5273,188143,97238,3.8,5098,131515,720,95,Excellent,Home Purchase,Aggressive,Intermediate
FH0288,2025-04-15 13:44:30.270270270,25,Bengaluru,Business Owner,3,85645,45631,40014,46.7,2707,19433,228155,5.0,6218,264155,789,100,Excellent,Emergency Fund,Moderate,Intermediate
FH0289,2025-04-15 22:29:11.351351352,39,Bengaluru,Salaried,4,75875,35708,40167,52.9,19137,490811,146403,4.1,5526,100829,746,99,Excellent,Retirement,Moderate,Intermediate
FH0290,2025-04-16 07:13:52.432432432,24,Ahmedabad,Salaried,4,55911,24405,31506,56.4,23939,461594,126906,5.2,12321,140584,652,100,Excellent,Emergency Fund,Moderate,Beginner
FH0291,2025-04-16 15:58:33.513513514,55,Pune,Salaried,6,74256,55370,18886,25.4,14420,497021,0,0.0,13857,580930,692,64,Good,Debt Reduction,Moderate,Beginner
FH0292,2025-04-17 00:43:14.594594594,37,Ahmedabad,Salaried,1,60800,49512,11288,18.6,6405,85699,376291,7.6,88,2699,675,76,Good,Home Purchase,Conservative,Beginner
FH0293,2025-04-17 09:27:55.675675676,48,Ahmedabad,Freelancer,4,61434,27158,34276,55.8,15008,329615,105916,3.9,2707,117326,759,100,Excellent,Debt Reduction,Moderate,Advanced
FH0294,2025-04-17 18:12:36.756756758,50,Delhi,Business Owner,3,128543,99838,28705,22.3,38124,780424,59903,0.6,12154,551655,665,57,Fair,Retirement,Moderate,Beginner
FH0295,2025-04-18 02:57:17.837837838,49,Mumbai,Business Owner,4,97317,49803,47514,48.8,19432,526335,99606,2.0,7314,60358,731,90,Excellent,Retirement,Conservative,Intermediate
FH0296,2025-04-18 11:41:58.918918920,26,Pune,Self-Employed,3,56453,36960,19493,34.5,22720,182676,0,0.0,8029,217110,673,66,Good,Education,Aggressive,Intermediate
FH0297,2025-04-18 20:26:40.000000000,55,Hyderabad,Salaried,2,53951,41943,12008,22.3,6172,72914,67109,1.6,1778,38669,650,61,Good,Debt Reduction,Moderate,Beginner
FH0298,2025-04-19 05:11:21.081081082,57,Lucknow,Salaried,6,98759,55274,43485,44.0,18043,224400,193459,3.5,18478,596582,749,95,Excellent,Emergency Fund,Moderate,Beginner
FH0299,2025-04-19 13:56:02.162162162,44,Ahmedabad,Self-Employed,1,83320,44500,38820,46.6,21536,606120,302600,6.8,9742,383161,721,100,Excellent,Wealth Building,Moderate,Intermediate
FH0300,2025-04-19 22:40:43.243243244,49,Kolkata,Salaried,4,48360,33472,14888,30.8,13110,153048,153971,4.6,4650,82699,615,75,Good,Debt Reduction,Conservative,Beginner
FH0301,2025-04-20 07:25:24.324324324,51,Jaipur,Salaried,3,74809,31764,43045,57.5,16917,392555,136585,4.3,8902,261590,788,100,Excellent,Home Purchase,Aggressive,Beginner
FH0302,2025-04-20 16:10:05.405405406,55,Kolkata,Salaried,5,76577,56712,19865,25.9,4120,51324,85068,1.5,6951,248614,684,69,Good,Retirement,Aggressive,Beginner
FH0303,2025-04-21 00:54:46.486486486,53,Delhi,Salaried,1,77975,46784,31191,40.0,40854,1301149,102925,2.2,0,0,636,69,Good,Retirement,Moderate,Intermediate
FH0304,2025-04-21 09:39:27.567567568,41,Delhi,Freelancer,2,42611,21268,21343,50.1,8067,276420,48916,2.3,5149,206942,721,93,Excellent,Debt Reduction,Aggressive,Advanced
FH0305,2025-04-21 18:24:08.648648648,52,Chennai,Freelancer,3,47253,23410,23843,50.5,11073,238676,56184,2.4,4609,144983,716,92,Excellent,Debt Reduction,Conservative,Intermediate
FH0306,2025-04-22 03:08:49.729729730,43,Mumbai,Salaried,6,51290,19814,31476,61.4,15396,255100,61423,3.1,2728,125162,758,100,Excellent,Travel,Aggressive,Intermediate
FH0307,2025-04-22 11:53:30.810810812,53,Lucknow,Self-Employed,6,70513,35605,34908,49.5,9678,126024,113936,3.2,13878,281171,709,98,Excellent,Debt Reduction,Conservative,Intermediate
FH0308,2025-04-22 20:38:11.891891892,23,Ahmedabad,Business Owner,2,132834,72133,60701,45.7,30207,226354,223612,3.1,22165,233666,661,89,Excellent,Travel,Conservative,Intermediate
FH0309,2025-04-23 05:22:52.972972974,38,Kolkata,Salaried,2,72100,31105,40995,56.9,9515,133733,77762,2.5,20961,571670,730,100,Excellent,Home Purchase,Conservative,Advanced
FH0310,2025-04-23 14:07:34.054054054,45,Jaipur,Freelancer,6,68420,39248,29172,42.6,18749,480482,160917,4.1,12209,117256,712,91,Excellent,Home Purchase,Conservative,Intermediate
FH0311,2025-04-23 22:52:15.135135136,51,Delhi,Freelancer,4,96375,62278,34097,35.4,17744,390519,199290,3.2,7224,337506,687,79,Good,Emergency Fund,Conservative,Beginner
FH0312,2025-04-24 07:36:56.216216216,23,Delhi,Salaried,4,82723,45507,37216,45.0,21089,723801,27304,0.6,4682,35699,748,81,Excellent,Debt Reduction,Aggressive,Advanced
FH0313,2025-04-24 16:21:37.297297298,60,Mumbai,Salaried,3,61853,41614,20239,32.7,5193,92894,162295,3.9,5282,198852,701,82,Excellent,Emergency Fund,Aggressive,Intermediate
FH0314,2025-04-25 01:06:18.378378378,44,Jaipur,Salaried,5,42950,20058,22892,53.3,4821,129279,72209,3.6,3150,88371,789,100,Excellent,Wealth Building,Conservative,Beginner
FH0315,2025-04-25 09:50:59.459459460,52,Jaipur,Salaried,3,50617,36468,14149,28.0,2153,44523,21881,0.6,6459,138753,672,69,Good,Education,Conservative,Advanced
FH0316,2025-04-25 18:35:40.540540540,42,Mumbai,Salaried,5,59311,35412,23899,40.3,7570,161826,92071,2.6,729,6390,703,82,Excellent,Home Purchase,Aggressive,Beginner
FH0317,2025-04-26 03:20:21.621621622,43,Delhi,Freelancer,2,80201,63867,16334,20.4,0,0,319335,5.0,13258,425993,682,77,Good,Retirement,Moderate,Beginner
FH0318,2025-04-26 12:05:02.702702704,22,Lucknow,Salaried,1,64381,57943,6438,10.0,11594,227805,86914,1.5,8137,248823,612,49,Fair,Travel,Conservative,Intermediate
FH0319,2025-04-26 20:49:43.783783784,47,Pune,Salaried,3,51662,26563,25099,48.6,7778,156521,34532,1.3,8125,144601,730,91,Excellent,Education,Moderate,Beginner
FH0320,2025-04-27 05:34:24.864864866,22,Pune,Freelancer,3,46425,24138,22287,48.0,11124,302565,77242,3.2,1853,81957,690,89,Excellent,Retirement,Moderate,Intermediate
FH0321,2025-04-27 14:19:05.945945946,46,Mumbai,Business Owner,5,107354,58564,48790,45.4,24240,829473,292820,5.0,14736,276633,660,93,Excellent,Education,Conservative,Beginner
FH0322,2025-04-27 23:03:47.027027028,37,Jaipur,Salaried,2,88755,58880,29875,33.7,34030,540384,435712,7.4,18722,465962,674,90,Excellent,Emergency Fund,Moderate,Beginner
FH0323,2025-04-28 07:48:28.108108108,60,Ahmedabad,Salaried,2,113437,86851,26586,23.4,63214,459314,442940,5.1,6780,195522,608,62,Good,Emergency Fund,Moderate,Intermediate
FH0324,2025-04-28 16:33:09.189189190,53,Mumbai,Salaried,5,60483,29552,30931,51.1,22250,464777,177312,6.0,3499,35724,686,98,Excellent,Travel,Conservative,Intermediate
FH0325,2025-04-29 01:17:50.270270270,29,Lucknow,Self-Employed,2,78757,49883,28874,36.7,12687,283349,224474,4.5,13376,603937,714,89,Excellent,Home Purchase,Aggressive,Beginner
FH0326,2025-04-29 10:02:31.351351352,59,Mumbai,Salaried,6,42500,23841,18659,43.9,6624,73217,57218,2.4,2217,48177,718,86,Excellent,Wealth Building,Moderate,Advanced
FH0327,2025-04-29 18:47:12.432432432,49,Bengaluru,Salaried,4,128138,85408,42730,33.3,42660,1229203,435581,5.1,13284,124773,699,82,Excellent,Travel,Conservative,Intermediate
FH0328,2025-04-30 03:31:53.513513514,46,Kolkata,Freelancer,6,36745,29077,7668,20.9,43,1529,104677,3.6,8205,182694,637,73,Good,Wealth Building,Conservative,Beginner
FH0329,2025-04-30 12:16:34.594594594,55,Jaipur,Salaried,1,97951,53516,44435,45.4,17536,602769,246174,4.6,5764,179886,720,94,Excellent,Retirement,Conservative,Beginner
FH0330,2025-04-30 21:01:15.675675676,45,Chennai,Freelancer,3,52798,18280,34518,65.4,9981,118905,34732,1.9,12044,332094,775,100,Excellent,Education,Moderate,Intermediate
FH0331,2025-05-01 05:45:56.756756758,44,Chennai,Freelancer,1,48646,33281,15365,31.6,14396,464428,156421,4.7,4694,165092,667,78,Good,Travel,Conservative,Intermediate
FH0332,2025-05-01 14:30:37.837837838,33,Jaipur,Salaried,3,44075,20425,23650,53.7,13214,358559,73530,3.6,1830,15244,781,98,Excellent,Wealth Building,Moderate,Beginner
FH0333,2025-05-01 23:15:18.918918920,27,Lucknow,Freelancer,4,139472,78099,61373,44.0,17184,337071,335826,4.3,22631,406242,725,96,Excellent,Debt Reduction,Conservative,Beginner
FH0334,2025-05-02 08:00:00.000000000,56,Bengaluru,Salaried,2,70239,48478,21761,31.0,11669,259266,174521,3.6,8958,361972,709,80,Excellent,Debt Reduction,Moderate,Intermediate
FH0335,2025-05-02 16:44:41.081081082,40,Bengaluru,Freelancer,6,60449,37577,22872,37.8,16797,528904,120246,3.2,7310,68389,678,81,Excellent,Home Purchase,Moderate,Beginner
FH0336,2025-05-03 01:29:22.162162162,21,Delhi,Self-Employed,5,109113,61732,47381,43.4,12672,258560,296314,4.8,7222,302821,767,96,Excellent,Wealth Building,Moderate,Intermediate
FH0337,2025-05-03 10:14:03.243243244,28,Kolkata,Self-Employed,6,63703,31812,31891,50.1,24003,412761,95436,3.0,8092,79784,729,92,Excellent,Travel,Moderate,Advanced
FH0338,2025-05-03 18:58:44.324324324,36,Pune,Salaried,4,65042,16260,48782,75.0,19460,404718,9756,0.6,0,0,779,100,Excellent,Retirement,Aggressive,Beginner
FH0339,2025-05-04 03:43:25.405405406,34,Hyderabad,Freelancer,1,61195,41476,19719,32.2,14827,346565,4148,0.1,8281,175169,659,66,Good,Debt Reduction,Moderate,Advanced
FH0340,2025-05-04 12:28:06.486486486,32,Lucknow,Business Owner,5,91949,50074,41875,45.5,24902,290664,210311,4.2,19384,614721,725,96,Excellent,Home Purchase,Moderate,Advanced
FH0341,2025-05-04 21:12:47.567567568,43,Hyderabad,Salaried,2,98915,78328,20587,20.8,15758,520443,227151,2.9,0,0,631,61,Good,Travel,Moderate,Advanced
FH0342,2025-05-05 05:57:28.648648648,35,Hyderabad,Freelancer,4,55580,35334,20246,36.4,7702,201990,10600,0.3,5087,44659,711,74,Good,Home Purchase,Aggressive,Advanced
FH0343,2025-05-05 14:42:09.729729730,48,Jaipur,Salaried,5,37743,19032,18711,49.6,6220,155488,76128,4.0,2218,33424,727,96,Excellent,Retirement,Conservative,Intermediate
FH0344,2025-05-05 23:26:50.810810812,54,Chennai,Salaried,4,58490,42660,15830,27.1,16669,149769,153576,3.6,832,9460,663,68,Good,Debt Reduction,Conservative,Intermediate
FH0345,2025-05-06 08:11:31.891891892,22,Chennai,Salaried,4,70923,52565,18358,25.9,17456,421130,147182,2.8,0,0,648,64,Good,Debt Reduction,Moderate,Intermediate
FH0346,2025-05-06 16:56:12.972972974,52,Pune,Salaried,2,47544,26118,21426,45.1,7847,75557,112307,4.3,1775,48997,701,91,Excellent,Debt Reduction,Moderate,Intermediate
FH0347,2025-05-07 01:40:54.054054054,43,Jaipur,Salaried,3,48876,36516,12360,25.3,15515,129720,233702,6.4,5036,154746,677,78,Good,Wealth Building,Moderate,Advanced
FH0348,2025-05-07 10:25:35.135135136,42,Hyderabad,Freelancer,5,49559,24891,24668,49.8,9782,213437,159302,6.4,9934,389159,742,100,Excellent,Emergency Fund,Conservative,Beginner
FH0349,2025-05-07 19:10:16.216216216,45,Ahmedabad,Salaried,2,99666,60034,39632,39.8,12944,234074,246139,4.1,1337,44872,714,87,Excellent,Wealth Building,Conservative,Beginner
FH0350,2025-05-08 03:54:57.297297298,42,Chennai,Self-Employed,4,67459,44523,22936,34.0,17071,403973,160283,3.6,9485,299421,691,80,Excellent,Debt Reduction,Aggressive,Beginner
FH0351,2025-05-08 12:39:38.378378378,42,Lucknow,Salaried,2,107187,73945,33242,31.0,9465,82125,303174,4.1,14510,338008,639,79,Good,Education,Conservative,Intermediate
FH0352,2025-05-08 21:24:19.459459460,26,Lucknow,Freelancer,3,48381,32271,16110,33.3,32,606,141992,4.4,11468,297021,793,95,Excellent,Emergency Fund,Conservative,Intermediate
FH0353,2025-05-09 06:09:00.540540540,35,Delhi,Freelancer,6,67229,35862,31367,46.7,14746,165798,118345,3.3,10755,251773,721,93,Excellent,Travel,Moderate,Intermediate
FH0354,2025-05-09 14:53:41.621621622,57,Mumbai,Salaried,5,55601,40762,14839,26.7,7480,266385,167124,4.1,9119,377262,607,74,Good,Wealth Building,Moderate,Beginner
FH0355,2025-05-09 23:38:22.702702704,53,Ahmedabad,Freelancer,3,78122,43950,34172,43.7,14606,333521,30765,0.7,13199,206697,759,86,Excellent,Emergency Fund,Moderate,Intermediate
FH0356,2025-05-10 08:23:03.783783784,28,Chennai,Salaried,1,43947,21988,21959,50.0,4145,110353,87952,4.0,2430,15164,727,98,Excellent,Emergency Fund,Aggressive,Beginner
FH0357,2025-05-10 17:07:44.864864866,25,Bengaluru,Business Owner,5,142662,71672,70990,49.8,53807,848135,344026,4.8,11399,380219,738,96,Excellent,Wealth Building,Conservative,Intermediate
FH0358,2025-05-11 01:52:25.945945946,59,Chennai,Salaried,3,67643,57605,10038,14.8,9065,80154,161294,2.8,13406,194433,645,62,Good,Wealth Building,Moderate,Beginner
FH0359,2025-05-11 10:37:07.027027028,24,Delhi,Freelancer,4,47959,22834,25125,52.4,7858,277200,82202,3.6,0,0,693,94,Excellent,Emergency Fund,Conservative,Advanced
FH0360,2025-05-11 19:21:48.108108108,26,Lucknow,Salaried,5,61326,46659,14667,23.9,16504,240757,74654,1.6,4430,186414,652,61,Good,Home Purchase,Aggressive,Intermediate
FH0361,2025-05-12 04:06:29.189189190,52,Hyderabad,Self-Employed,5,136849,57618,79231,57.9,5616,105099,74903,1.3,3673,33874,793,100,Excellent,Education,Moderate,Intermediate
FH0362,2025-05-12 12:51:10.270270270,50,Bengaluru,Business Owner,2,115437,74839,40598,35.2,3628,92499,314324,4.2,15745,164824,760,91,Excellent,Retirement,Conservative,Intermediate
FH0363,2025-05-12 21:35:51.351351352,55,Jaipur,Salaried,4,50827,31594,19233,37.8,13699,92344,72666,2.3,4599,123240,703,78,Good,Debt Reduction,Moderate,Intermediate
FH0364,2025-05-13 06:20:32.432432432,60,Kolkata,Salaried,1,42638,34408,8230,19.3,6914,209548,6882,0.2,6985,220638,605,55,Fair,Wealth Building,Moderate,Beginner
FH0365,2025-05-13 15:05:13.513513514,36,Hyderabad,Salaried,6,77578,37888,39690,51.2,7975,176226,60621,1.6,8717,152950,790,97,Excellent,Emergency Fund,Moderate,Intermediate
FH0366,2025-05-13 23:49:54.594594594,33,Kolkata,Salaried,3,69612,31305,38307,55.0,20775,298049,59480,1.9,820,29607,717,90,Excellent,Retirement,Aggressive,Advanced
FH0367,2025-05-14 08:34:35.675675676,50,Ahmedabad,Self-Employed,2,102032,57514,44518,43.6,11678,91652,304824,5.3,1531,47440,790,98,Excellent,Wealth Building,Conservative,Intermediate
FH0368,2025-05-14 17:19:16.756756758,39,Mumbai,Salaried,3,38963,31680,7283,18.7,7181,78093,133056,4.2,4659,91515,631,66,Good,Home Purchase,Conservative,Intermediate
FH0369,2025-05-15 02:03:57.837837838,37,Bengaluru,Salaried,1,43125,19674,23451,54.4,4464,146647,41315,2.1,2847,20116,757,98,Excellent,Retirement,Conservative,Advanced
FH0370,2025-05-15 10:48:38.918918920,39,Pune,Salaried,1,97105,24276,72829,75.0,25194,669675,63118,2.6,8032,301251,770,100,Excellent,Emergency Fund,Conservative,Intermediate
FH0371,2025-05-15 19:33:20.000000000,48,Bengaluru,Business Owner,5,123526,72679,50847,41.2,48567,655511,465146,6.4,22937,344506,655,92,Excellent,Travel,Conservative,Intermediate
FH0372,2025-05-16 04:18:01.081081082,46,Chennai,Salaried,1,78342,55853,22489,28.7,0,0,318362,5.7,13564,556774,679,87,Excellent,Education,Moderate,Intermediate
FH0373,2025-05-16 13:02:42.162162162,57,Lucknow,Salaried,3,46407,20329,26078,56.2,10889,290937,32526,1.6,11409,269848,788,100,Excellent,Retirement,Conservative,Advanced
FH0374,2025-05-16 21:47:23.243243244,46,Chennai,Salaried,4,46111,32218,13893,30.1,15279,354049,196530,6.1,4512,136430,604,77,Good,Wealth Building,Aggressive,Advanced
FH0375,2025-05-17 06:32:04.324324324,43,Chennai,Salaried,4,91958,39999,51959,56.5,15192,275516,143996,3.6,6908,294722,788,100,Excellent,Emergency Fund,Conservative,Advanced
FH0376,2025-05-17 15:16:45.405405406,29,Ahmedabad,Business Owner,5,158208,88514,69694,44.1,11544,195190,477976,5.4,23616,998299,768,100,Excellent,Wealth Building,Conservative,Intermediate
FH0377,2025-05-18 00:01:26.486486486,32,Hyderabad,Salaried,6,44410,30438,13972,31.5,12201,152567,106533,3.5,3586,77471,713,76,Good,Emergency Fund,Conservative,Beginner
FH0378,2025-05-18 08:46:07.567567568,21,Pune,Salaried,3,41538,17187,24351,58.6,14547,379507,106559,6.2,3449,50953,734,100,Excellent,Debt Reduction,Moderate,Beginner
FH0379,2025-05-18 17:30:48.648648650,21,Pune,Business Owner,3,105898,64112,41786,39.5,35557,1248763,96168,1.5,11210,432214,642,74,Good,Travel,Moderate,Beginner
FH0380,2025-05-19 02:15:29.729729730,54,Chennai,Business Owner,1,83155,62374,20781,25.0,22250,250790,205834,3.3,19599,474087,641,71,Good,Debt Reduction,Moderate,Advanced
FH0381,2025-05-19 11:00:10.810810812,52,Kolkata,Salaried,3,48780,31529,17251,35.4,11353,271490,195480,6.2,8257,116141,705,91,Excellent,Travel,Moderate,Advanced
FH0382,2025-05-19 19:44:51.891891892,45,Ahmedabad,Business Owner,2,70987,34011,36976,52.1,7321,137090,0,0.0,12538,551495,761,93,Excellent,Education,Aggressive,Intermediate
FH0383,2025-05-20 04:29:32.972972974,60,Chennai,Freelancer,6,50927,40366,10561,20.7,16932,328492,149354,3.7,11843,169596,635,67,Good,Debt Reduction,Moderate,Intermediate
FH0384,2025-05-20 13:14:14.054054054,21,Mumbai,Salaried,1,43391,29166,14225,32.8,14115,192309,87498,3.0,7948,56303,708,78,Good,Education,Conservative,Beginner
FH0385,2025-05-20 21:58:55.135135136,36,Lucknow,Business Owner,2,74970,23956,51014,68.0,5402,166133,124571,5.2,3059,20960,831,100,Excellent,Wealth Building,Moderate,Intermediate
FH0386,2025-05-21 06:43:36.216216216,59,Hyderabad,Self-Employed,5,88807,62253,26554,29.9,23745,488142,367293,5.9,16173,519756,669,83,Excellent,Home Purchase,Aggressive,Intermediate
FH0387,2025-05-21 15:28:17.297297298,25,Jaipur,Salaried,4,63756,31878,31878,50.0,19437,433487,168953,5.3,12177,411465,651,98,Excellent,Home Purchase,Aggressive,Intermediate
FH0388,2025-05-22 00:12:58.378378378,42,Mumbai,Salaried,5,77022,46792,30230,39.2,25777,390337,201206,4.3,12757,243196,650,84,Excellent,Travel,Conservative,Beginner
FH0389,2025-05-22 08:57:39.459459460,49,Kolkata,Salaried,4,36497,26319,10178,27.9,7674,87900,102644,3.9,3880,75429,652,73,Good,Travel,Moderate,Intermediate
FH0390,2025-05-22 17:42:20.540540540,23,Bengaluru,Freelancer,5,60208,30288,29920,49.7,6534,56044,93893,3.1,9528,193025,680,96,Excellent,Debt Reduction,Conservative,Beginner
FH0391,2025-05-23 02:27:01.621621622,32,Bengaluru,Freelancer,3,124066,43376,80690,65.0,19196,526423,182179,4.2,14712,508545,748,100,Excellent,Home Purchase,Conservative,Advanced
FH0392,2025-05-23 11:11:42.702702704,46,Mumbai,Self-Employed,2,70227,55534,14693,20.9,6254,74341,372078,6.7,3619,30550,657,77,Good,Retirement,Moderate,Beginner
FH0393,2025-05-23 19:56:23.783783784,36,Chennai,Salaried,4,86752,64460,22292,25.7,18510,494259,135366,2.1,5979,269192,655,65,Good,Retirement,Aggressive,Advanced
FH0394,2025-05-24 04:41:04.864864866,57,Jaipur,Self-Employed,1,106445,60438,46007,43.2,20002,354261,181314,3.0,18017,276487,733,91,Excellent,Wealth Building,Moderate,Beginner
FH0395,2025-05-24 13:25:45.945945946,42,Delhi,Self-Employed,2,108294,75749,32545,30.1,54023,997980,272696,3.6,6129,294108,613,65,Good,Retirement,Aggressive,Beginner
FH0396,2025-05-24 22:10:27.027027028,49,Delhi,Salaried,1,68904,36401,32503,47.2,23173,465206,211126,5.8,4354,57490,710,96,Excellent,Wealth Building,Conservative,Intermediate
FH0397,2025-05-25 06:55:08.108108108,34,Kolkata,Salaried,2,79243,47037,32206,40.6,27421,467014,197555,4.2,13688,525687,665,86,Excellent,Home Purchase,Conservative,Intermediate
FH0398,2025-05-25 15:39:49.189189190,48,Chennai,Business Owner,2,140490,78646,61844,44.0,39516,356379,456147,5.8,18175,279592,703,95,Excellent,Retirement,Moderate,Intermediate
FH0399,2025-05-26 00:24:30.270270270,25,Pune,Salaried,5,81190,43351,37839,46.6,13985,213816,255771,5.9,13023,122358,745,100,Excellent,Education,Moderate,Beginner
FH0400,2025-05-26 09:09:11.351351352,50,Pune,Business Owner,4,74395,46891,27504,37.0,13704,355098,234455,5.0,2527,108022,749,88,Excellent,Emergency Fund,Aggressive,Beginner
FH0401,2025-05-26 17:53:52.432432432,25,Hyderabad,Salaried,4,35759,14692,21067,58.9,7012,182126,24976,1.7,5666,238355,743,100,Excellent,Travel,Conservative,Intermediate
FH0402,2025-05-27 02:38:33.513513514,32,Jaipur,Salaried,2,37737,20558,17179,45.5,9226,134577,145962,7.1,2785,63916,718,100,Excellent,Debt Reduction,Moderate,Beginner
FH0403,2025-05-27 11:23:14.594594594,36,Jaipur,Salaried,3,59135,36902,22233,37.6,16001,316869,243553,6.6,2887,102490,715,90,Excellent,Wealth Building,Moderate,Beginner
FH0404,2025-05-27 20:07:55.675675676,46,Bengaluru,Salaried,3,80019,67003,13016,16.3,17612,207882,261312,3.9,6772,199075,579,58,Fair,Education,Conservative,Intermediate
FH0405,2025-05-28 04:52:36.756756758,46,Ahmedabad,Freelancer,1,40764,16980,23784,58.3,7428,91447,16980,1.0,8778,367132,832,100,Excellent,Retirement,Aggressive,Beginner
FH0406,2025-05-28 13:37:17.837837838,41,Kolkata,Salaried,1,89817,58639,31178,34.7,12823,85804,41047,0.7,8487,163225,740,75,Good,Emergency Fund,Moderate,Beginner
FH0407,2025-05-28 22:21:58.918918920,59,Delhi,Freelancer,5,50327,33630,16697,33.2,1961,64522,144609,4.3,13794,386153,653,88,Excellent,Debt Reduction,Moderate,Beginner
FH0408,2025-05-29 07:06:40.000000000,56,Kolkata,Salaried,2,54703,17355,37348,68.3,21161,260729,41652,2.4,0,0,768,100,Excellent,Education,Moderate,Advanced
FH0409,2025-05-29 15:51:21.081081082,53,Pune,Business Owner,1,82092,52332,29760,36.3,41598,533537,20933,0.4,965,20134,618,60,Good,Debt Reduction,Conservative,Beginner
FH0410,2025-05-30 00:36:02.162162162,50,Pune,Salaried,1,33606,23633,9973,29.7,12633,181764,14180,0.6,7148,310517,628,64,Good,Wealth Building,Moderate,Advanced
FH0411,2025-05-30 09:20:43.243243244,57,Mumbai,Business Owner,6,119193,78955,40238,33.8,6713,65937,228970,2.9,27449,355928,724,86,Excellent,Wealth Building,Conservative,Beginner
FH0412,2025-05-30 18:05:24.324324324,43,Hyderabad,Business Owner,2,200320,113832,86488,43.2,64566,1625635,478094,4.2,11931,146505,728,88,Excellent,Travel,Conservative,Intermediate
FH0413,2025-05-31 02:50:05.405405406,30,Jaipur,Salaried,5,63590,39849,23741,37.3,22453,185334,263003,6.6,7937,239937,652,88,Excellent,Home Purchase,Aggressive,Beginner
FH0414,2025-05-31 11:34:46.486486486,25,Lucknow,Salaried,1,34010,20534,13476,39.6,5698,57129,98563,4.8,5777,194192,693,91,Excellent,Wealth Building,Moderate,Intermediate
FH0415,2025-05-31 20:19:27.567567568,56,Kolkata,Freelancer,5,78843,27081,51762,65.7,22357,566587,81243,3.0,8195,116156,779,100,Excellent,Retirement,Moderate,Intermediate
FH0416,2025-06-01 05:04:08.648648650,54,Pune,Freelancer,4,33976,20626,13350,39.3,5459,88380,94880,4.6,4434,99367,729,91,Excellent,Education,Moderate,Intermediate
FH0417,2025-06-01 13:48:49.729729730,51,Ahmedabad,Salaried,5,42573,22505,20068,47.1,17828,485607,99022,4.4,5141,235230,651,88,Excellent,Education,Aggressive,Intermediate
FH0418,2025-06-01 22:33:30.810810812,30,Bengaluru,Business Owner,3,101196,48708,52488,51.9,27070,615105,258152,5.3,1649,26974,788,100,Excellent,Emergency Fund,Conservative,Intermediate
FH0419,2025-06-02 07:18:11.891891892,39,Delhi,Freelancer,3,62636,56372,6264,10.0,6312,86352,208576,3.7,6005,204597,609,56,Fair,Emergency Fund,Conservative,Beginner
FH0420,2025-06-02 16:02:52.972972974,52,Hyderabad,Freelancer,5,42153,31841,10312,24.5,12944,330394,187862,5.9,5095,188955,672,76,Good,Emergency Fund,Moderate,Intermediate
FH0421,2025-06-03 00:47:34.054054054,21,Ahmedabad,Freelancer,3,54450,22813,31637,58.1,19474,184773,123190,5.4,6927,171938,746,100,Excellent,Debt Reduction,Conservative,Intermediate
FH0422,2025-06-03 09:32:15.135135136,25,Hyderabad,Business Owner,4,141286,88802,52484,37.1,34722,767089,355208,4.0,0,0,708,81,Excellent,Retirement,Conservative,Advanced
FH0423,2025-06-03 18:16:56.216216216,24,Mumbai,Salaried,2,87589,68681,18908,21.6,24729,472681,247252,3.6,15132,558970,612,65,Good,Debt Reduction,Aggressive,Beginner
FH0424,2025-06-04 03:01:37.297297298,36,Lucknow,Salaried,3,100725,37322,63403,62.9,21246,298213,209003,5.6,13000,328027,710,100,Excellent,Retirement,Conservative,Advanced
FH0425,2025-06-04 11:46:18.378378378,44,Pune,Salaried,3,126809,74916,51893,40.9,9199,221881,179798,2.4,5849,174956,729,85,Excellent,Education,Moderate,Intermediate
FH0426,2025-06-04 20:30:59.459459460,36,Bengaluru,Self-Employed,5,106217,63451,42766,40.3,21273,683714,50761,0.8,26122,916615,704,82,Excellent,Wealth Building,Moderate,Intermediate
FH0427,2025-06-05 05:15:40.540540540,22,Ahmedabad,Business Owner,4,101964,40946,61018,59.8,29365,1056175,32757,0.8,9762,301372,714,94,Excellent,Wealth Building,Moderate,Beginner
FH0428,2025-06-05 14:00:21.621621622,48,Hyderabad,Salaried,2,87808,55594,32214,36.7,17856,432702,122307,2.2,8806,377824,726,80,Excellent,Debt Reduction,Moderate,Intermediate
FH0429,2025-06-05 22:45:02.702702704,52,Jaipur,Freelancer,5,70647,52016,18631,26.4,22897,415379,265282,5.1,11651,244547,639,74,Good,Debt Reduction,Moderate,Intermediate
FH0430,2025-06-06 07:29:43.783783784,47,Mumbai,Self-Employed,5,95512,75562,19950,20.9,16143,205924,226686,3.0,24058,447363,624,68,Good,Debt Reduction,Conservative,Intermediate
FH0431,2025-06-06 16:14:24.864864866,40,Jaipur,Self-Employed,6,85119,46397,38722,45.5,15112,207229,194867,4.2,14272,213812,745,97,Excellent,Home Purchase,Conservative,Advanced
FH0432,2025-06-07 00:59:05.945945946,44,Bengaluru,Salaried,4,47237,42513,4724,10.0,15496,315865,119036,2.8,8400,63730,612,52,Fair,Travel,Moderate,Intermediate
FH0433,2025-06-07 09:43:47.027027028,32,Ahmedabad,Salaried,2,45357,13239,32118,70.8,11287,192086,37069,2.8,2263,17666,763,100,Excellent,Retirement,Conservative,Intermediate
FH0434,2025-06-07 18:28:28.108108108,55,Mumbai,Salaried,4,62828,39573,23255,37.0,10459,349482,67274,1.7,7922,337020,744,81,Excellent,Wealth Building,Conservative,Advanced
FH0435,2025-06-08 03:13:09.189189190,53,Ahmedabad,Salaried,2,68478,26178,42300,61.8,24268,413742,94241,3.6,5666,195435,820,100,Excellent,Retirement,Aggressive,Intermediate
FH0436,2025-06-08 11:57:50.270270270,53,Pune,Salaried,4,51243,30368,20875,40.7,6685,115004,103251,3.4,8675,292715,680,88,Excellent,Debt Reduction,Aggressive,Intermediate
FH0437,2025-06-08 20:42:31.351351352,57,Chennai,Salaried,5,75381,38213,37168,49.3,9460,165607,175780,4.6,13251,421581,739,100,Excellent,Home Purchase,Moderate,Beginner
FH0438,2025-06-09 05:27:12.432432432,32,Mumbai,Salaried,5,134647,87650,46997,34.9,0,0,385660,4.4,31551,1314642,736,93,Excellent,Debt Reduction,Conservative,Beginner
FH0439,2025-06-09 14:11:53.513513514,23,Jaipur,Salaried,1,35300,19847,15453,43.8,5224,133336,67480,3.4,0,0,805,92,Excellent,Retirement,Moderate,Intermediate
FH0440,2025-06-09 22:56:34.594594596,21,Bengaluru,Salaried,3,79692,37006,42686,53.6,31090,759375,29605,0.8,6045,257259,685,84,Excellent,Travel,Moderate,Advanced
FH0441,2025-06-10 07:41:15.675675676,53,Lucknow,Business Owner,6,107489,50902,56587,52.6,0,0,300322,5.9,22682,478515,745,100,Excellent,Wealth Building,Conservative,Beginner
FH0442,2025-06-10 16:25:56.756756758,60,Pune,Salaried,4,76105,64731,11374,14.9,7325,223684,233032,3.6,1666,74840,614,59,Fair,Travel,Conservative,Beginner
FH0443,2025-06-11 01:10:37.837837838,30,Chennai,Freelancer,6,51604,33135,18469,35.8,14298,102244,132540,4.0,9103,321733,720,85,Excellent,Education,Moderate,Intermediate
FH0444,2025-06-11 09:55:18.918918920,49,Lucknow,Freelancer,1,57010,19480,37530,65.8,0,0,136360,7.0,11367,190982,793,100,Excellent,Home Purchase,Aggressive,Beginner
FH0445,2025-06-11 18:40:00.000000000,33,Delhi,Salaried,3,68014,44693,23321,34.3,10448,223404,250281,5.6,8027,238334,665,86,Excellent,Travel,Moderate,Intermediate
FH0446,2025-06-12 03:24:41.081081082,32,Pune,Salaried,4,58488,32329,26159,44.7,21542,386625,151946,4.7,1199,34036,696,87,Excellent,Home Purchase,Conservative,Intermediate
FH0447,2025-06-12 12:09:22.162162162,51,Bengaluru,Salaried,2,38176,22167,16009,41.9,18538,387723,84235,3.8,4256,50186,669,81,Excellent,Debt Reduction,Moderate,Beginner
FH0448,2025-06-12 20:54:03.243243244,22,Hyderabad,Self-Employed,3,73711,51213,22498,30.5,18998,494375,194609,3.8,16372,504785,703,81,Excellent,Education,Moderate,Advanced
FH0449,2025-06-13 05:38:44.324324324,55,Mumbai,Self-Employed,5,48729,36335,12394,25.4,4851,30964,156240,4.3,11097,213295,681,80,Excellent,Retirement,Conservative,Intermediate
FH0450,2025-06-13 14:23:25.405405406,43,Ahmedabad,Salaried,1,81696,37561,44135,54.0,7776,249972,172781,4.6,10992,90120,774,100,Excellent,Travel,Conservative,Intermediate
FH0451,2025-06-13 23:08:06.486486486,37,Bengaluru,Self-Employed,3,41641,23978,17663,42.4,9945,192955,172642,7.2,2148,98472,701,97,Excellent,Travel,Conservative,Beginner
FH0452,2025-06-14 07:52:47.567567568,46,Mumbai,Salaried,3,93169,46915,46254,49.6,23900,389307,408160,8.7,22518,741801,677,100,Excellent,Emergency Fund,Moderate,Intermediate
FH0453,2025-06-14 16:37:28.648648650,28,Lucknow,Salaried,5,75545,50129,25416,33.6,34866,353798,220568,4.4,13407,574230,631,76,Good,Wealth Building,Moderate,Advanced
FH0454,2025-06-15 01:22:09.729729730,49,Ahmedabad,Self-Employed,4,93104,50972,42132,45.3,32233,618357,0,0.0,5232,179951,696,75,Good,Retirement,Moderate,Beginner
FH0455,2025-06-15 10:06:50.810810812,46,Kolkata,Salaried,2,30474,17800,12674,41.6,7037,147001,33820,1.9,4388,92119,688,82,Excellent,Travel,Moderate,Beginner
FH0456,2025-06-15 18:51:31.891891892,30,Jaipur,Self-Employed,5,71309,38661,32648,45.8,12581,227834,286091,7.4,10038,276375,671,100,Excellent,Travel,Aggressive,Beginner
FH0457,2025-06-16 03:36:12.972972974,46,Delhi,Salaried,2,97333,55007,42326,43.5,59559,1569963,286036,5.2,7341,252394,601,80,Excellent,Retirement,Moderate,Beginner
FH0458,2025-06-16 12:20:54.054054054,54,Pune,Freelancer,4,50040,40965,9075,18.1,15085,280987,192536,4.7,7224,334692,619,65,Good,Education,Conservative,Beginner
FH0459,2025-06-16 21:05:35.135135136,27,Bengaluru,Salaried,3,44570,40113,4457,10.0,5931,206651,140396,3.5,8800,146556,659,61,Good,Home Purchase,Conservative,Beginner
FH0460,2025-06-17 05:50:16.216216216,24,Delhi,Salaried,2,52016,32915,19101,36.7,9925,237985,46081,1.4,5163,220713,755,79,Good,Retirement,Moderate,Advanced
FH0461,2025-06-17 14:34:57.297297298,31,Hyderabad,Self-Employed,1,78111,44211,33900,43.4,8274,250076,318319,7.2,15980,716084,725,100,Excellent,Home Purchase,Conservative,Intermediate
FH0462,2025-06-17 23:19:38.378378378,49,Mumbai,Salaried,1,48251,17207,31044,64.3,0,0,37855,2.2,0,0,788,100,Excellent,Education,Aggressive,Beginner
FH0463,2025-06-18 08:04:19.459459460,56,Mumbai,Freelancer,5,92405,43758,48647,52.6,24085,431573,231917,5.3,25437,1147544,718,100,Excellent,Education,Conservative,Intermediate
FH0464,2025-06-18 16:49:00.540540540,45,Bengaluru,Self-Employed,4,78210,43974,34236,43.8,35329,568989,52769,1.2,9699,220273,633,74,Good,Debt Reduction,Conservative,Beginner
FH0465,2025-06-19 01:33:41.621621622,41,Chennai,Self-Employed,5,65863,31607,34256,52.0,529,12212,107464,3.4,12851,591489,802,100,Excellent,Emergency Fund,Moderate,Intermediate
FH0466,2025-06-19 10:18:22.702702704,56,Chennai,Business Owner,5,69756,34502,35254,50.5,15847,504464,200112,5.8,9438,335208,805,100,Excellent,Education,Moderate,Beginner
FH0467,2025-06-19 19:03:03.783783784,30,Kolkata,Freelancer,6,71087,56909,14178,19.9,9106,76036,187800,3.3,4433,34419,632,64,Good,Education,Moderate,Beginner
FH0468,2025-06-20 03:47:44.864864866,57,Jaipur,Freelancer,5,70522,41187,29335,41.6,20296,165965,127680,3.1,8283,365186,651,82,Excellent,Home Purchase,Moderate,Advanced
FH0469,2025-06-20 12:32:25.945945946,29,Ahmedabad,Self-Employed,6,60628,36168,24460,40.3,11980,377484,137438,3.8,0,0,741,86,Excellent,Education,Conservative,Beginner
FH0470,2025-06-20 21:17:07.027027028,44,Hyderabad,Business Owner,1,50288,24421,25867,51.4,2172,26901,26863,1.1,8458,214273,778,98,Excellent,Retirement,Conservative,Intermediate
FH0471,2025-06-21 06:01:48.108108108,55,Delhi,Salaried,1,75050,55901,19149,25.5,6939,180848,44721,0.8,10024,298631,692,67,Good,Debt Reduction,Aggressive,Intermediate
FH0472,2025-06-21 14:46:29.189189190,55,Chennai,Salaried,5,60886,33502,27384,45.0,6823,152060,174210,5.2,6490,79659,790,100,Excellent,Debt Reduction,Conservative,Beginner
FH0473,2025-06-21 23:31:10.270270270,56,Kolkata,Self-Employed,1,89986,45630,44356,49.3,35523,1100744,136890,3.0,15540,399455,649,88,Excellent,Retirement,Conservative,Intermediate
FH0474,2025-06-22 08:15:51.351351352,38,Kolkata,Salaried,4,128947,46253,82694,64.1,50047,488092,240516,5.2,15812,646827,694,100,Excellent,Travel,Moderate,Intermediate
FH0475,2025-06-22 17:00:32.432432432,59,Bengaluru,Salaried,6,64392,36797,27595,42.9,11560,114369,220782,6.0,10462,69575,711,98,Excellent,Education,Conservative,Beginner
FH0476,2025-06-23 01:45:13.513513514,52,Hyderabad,Salaried,6,54301,27298,27003,49.7,20613,468009,169248,6.2,10174,177664,703,100,Excellent,Wealth Building,Moderate,Beginner
FH0477,2025-06-23 10:29:54.594594596,44,Lucknow,Salaried,5,43503,35492,8011,18.4,8591,295456,21295,0.6,3548,21654,627,53,Fair,Emergency Fund,Moderate,Beginner
FH0478,2025-06-23 19:14:35.675675676,43,Ahmedabad,Business Owner,1,98606,82646,15960,16.2,17506,322985,198350,2.4,6066,142308,723,61,Good,Education,Moderate,Advanced
FH0479,2025-06-24 03:59:16.756756758,52,Jaipur,Freelancer,2,63469,25836,37633,59.3,14434,228176,126596,4.9,0,0,746,100,Excellent,Debt Reduction,Moderate,Intermediate
FH0480,2025-06-24 12:43:57.837837838,57,Pune,Salaried,6,66224,28006,38218,57.7,17021,411920,137229,4.9,8515,336755,728,100,Excellent,Emergency Fund,Conservative,Beginner
FH0481,2025-06-24 21:28:38.918918920,32,Bengaluru,Salaried,5,118819,64319,54500,45.9,17561,595554,533848,8.3,18019,823432,735,100,Excellent,Wealth Building,Moderate,Advanced
FH0482,2025-06-25 06:13:20.000000000,33,Ahmedabad,Freelancer,5,71452,33279,38173,53.4,15923,495330,66558,2.0,1954,61663,774,94,Excellent,Travel,Conservative,Beginner
FH0483,2025-06-25 14:58:01.081081082,43,Pune,Salaried,4,62005,37850,24155,39.0,19987,716824,230885,6.1,13606,227143,654,91,Excellent,Home Purchase,Conservative,Beginner
FH0484,2025-06-25 23:42:42.162162162,45,Pune,Business Owner,3,85900,45894,40006,46.6,20345,135845,206523,4.5,5363,240339,712,93,Excellent,Home Purchase,Moderate,Beginner
FH0485,2025-06-26 08:27:23.243243244,55,Hyderabad,Salaried,3,71359,44191,27168,38.1,16096,151073,22096,0.5,0,0,729,73,Good,Wealth Building,Conservative,Intermediate
FH0486,2025-06-26 17:12:04.324324324,50,Hyderabad,Salaried,6,47320,34177,13143,27.8,13450,326620,92278,2.7,10630,320239,689,74,Good,Education,Moderate,Beginner
FH0487,2025-06-27 01:56:45.405405406,37,Delhi,Freelancer,4,63898,27541,36357,56.9,19596,599976,118426,4.3,0,0,743,100,Excellent,Education,Moderate,Intermediate
FH0488,2025-06-27 10:41:26.486486486,40,Kolkata,Salaried,4,77091,55454,21637,28.1,16332,237750,22182,0.4,14454,647847,751,70,Good,Emergency Fund,Aggressive,Advanced
FH0489,2025-06-27 19:26:07.567567568,45,Ahmedabad,Self-Employed,4,74163,35449,38714,52.2,11744,154743,0,0.0,12643,454144,817,95,Excellent,Emergency Fund,Moderate,Beginner
FH0490,2025-06-28 04:10:48.648648650,42,Bengaluru,Business Owner,6,88224,77707,10517,11.9,21579,638939,23312,0.3,12560,269685,562,44,Fair,Travel,Conservative,Beginner
FH0491,2025-06-28 12:55:29.729729730,33,Mumbai,Salaried,3,30251,24411,5840,19.3,387,2977,104967,4.3,2523,90695,616,68,Good,Education,Moderate,Beginner
FH0492,2025-06-28 21:40:10.810810812,39,Bengaluru,Self-Employed,4,119387,67354,52033,43.6,23001,392891,188591,2.8,18528,142511,744,91,Excellent,Debt Reduction,Conservative,Intermediate
FH0493,2025-06-29 06:24:51.891891892,56,Delhi,Freelancer,1,69096,30755,38341,55.5,0,0,79963,2.6,13363,297052,834,100,Excellent,Home Purchase,Moderate,Advanced
FH0494,2025-06-29 15:09:32.972972974,32,Jaipur,Salaried,5,75494,31581,43913,58.2,162,3695,82111,2.6,3850,88802,786,100,Excellent,Travel,Conservative,Beginner
FH0495,2025-06-29 23:54:14.054054054,39,Kolkata,Freelancer,5,34739,24397,10342,29.8,0,0,24397,1.0,6543,85106,692,75,Good,Emergency Fund,Conservative,Beginner
FH0496,2025-06-30 08:38:55.135135136,32,Mumbai,Self-Employed,2,129667,74655,55012,42.4,46182,768717,216500,2.9,24009,167333,654,83,Excellent,Debt Reduction,Moderate,Beginner
FH0497,2025-06-30 17:23:36.216216216,29,Chennai,Self-Employed,2,67979,48249,19730,29.0,15079,367634,9650,0.2,9552,110822,626,63,Good,Education,Moderate,Beginner
FH0498,2025-07-01 02:08:17.297297298,27,Jaipur,Self-Employed,6,72309,64253,8056,11.1,4045,95305,398369,6.2,5954,199424,683,69,Good,Retirement,Moderate,Intermediate
FH0499,2025-07-01 10:52:58.378378378,48,Hyderabad,Salaried,6,44707,21108,23599,52.8,12690,284617,151978,7.2,8292,329160,714,100,Excellent,Emergency Fund,Moderate,Beginner
FH0500,2025-07-01 19:37:39.459459460,34,Pune,Freelancer,5,32102,13091,19011,59.2,11188,282100,0,0.0,4994,237238,745,93,Excellent,Travel,Moderate,Beginner
FH0501,2025-07-02 04:22:20.540540542,51,Chennai,Freelancer,1,89965,54605,35360,39.3,25739,354773,158354,2.9,4398,90367,622,76,Good,Retirement,Moderate,Intermediate
FH0502,2025-07-02 13:07:01.621621622,39,Bengaluru,Self-Employed,3,125504,92906,32598,26.0,24532,209490,278718,3.0,11833,368881,698,71,Good,Debt Reduction,Moderate,Beginner
FH0503,2025-07-02 21:51:42.702702704,36,Bengaluru,Business Owner,3,103808,46541,57267,55.2,25975,248792,162894,3.5,18409,835034,761,100,Excellent,Wealth Building,Conservative,Intermediate
FH0504,2025-07-03 06:36:23.783783784,25,Hyderabad,Self-Employed,6,63070,36886,26184,41.5,21267,270888,213939,5.8,8074,105089,637,89,Excellent,Home Purchase,Moderate,Beginner
FH0505,2025-07-03 15:21:04.864864866,55,Delhi,Salaried,1,56964,43965,12999,22.8,9057,190251,127498,2.9,11166,403552,669,70,Good,Wealth Building,Moderate,Advanced
FH0506,2025-07-04 00:05:45.945945946,32,Ahmedabad,Self-Employed,6,70786,24874,45912,64.9,15848,494668,89546,3.6,6801,256460,775,100,Excellent,Wealth Building,Conservative,Beginner
FH0507,2025-07-04 08:50:27.027027028,45,Chennai,Self-Employed,3,52566,32220,20346,38.7,9807,265170,315756,9.8,2629,25599,687,100,Excellent,Wealth Building,Conservative,Advanced
FH0508,2025-07-04 17:35:08.108108108,41,Chennai,Self-Employed,6,72221,36427,35794,49.6,741,21986,131137,3.6,19756,833159,665,100,Excellent,Debt Reduction,Conservative,Beginner
FH0509,2025-07-05 02:19:49.189189190,56,Lucknow,Business Owner,4,116055,69329,46726,40.3,39361,650609,506102,7.3,271,10881,657,89,Excellent,Home Purchase,Moderate,Intermediate
FH0510,2025-07-05 11:04:30.270270270,43,Jaipur,Salaried,6,92827,63064,29763,32.1,45248,820781,302707,4.8,7891,58416,639,73,Good,Debt Reduction,Moderate,Beginner
FH0511,2025-07-05 19:49:11.351351352,36,Kolkata,Salaried,5,65325,39908,25417,38.9,6951,123800,107752,2.7,9118,89589,698,85,Excellent,Wealth Building,Conservative,Intermediate
FH0512,2025-07-06 04:33:52.432432432,59,Jaipur,Salaried,6,37437,16419,21018,56.1,12921,151902,39406,2.4,7077,57064,718,97,Excellent,Emergency Fund,Moderate,Beginner
FH0513,2025-07-06 13:18:33.513513514,59,Ahmedabad,Salaried,5,73562,37504,36058,49.0,8132,63726,142515,3.8,12156,243840,799,100,Excellent,Wealth Building,Aggressive,Intermediate
FH0514,2025-07-06 22:03:14.594594596,34,Bengaluru,Self-Employed,1,73146,57034,16112,22.0,17355,411790,85551,1.5,20612,564566,641,65,Good,Emergency Fund,Conservative,Intermediate
FH0515,2025-07-07 06:47:55.675675676,51,Bengaluru,Self-Employed,3,129240,80911,48329,37.4,53769,1918290,169913,2.1,14445,409640,584,69,Good,Travel,Conservative,Intermediate
FH0516,2025-07-07 15:32:36.756756758,25,Bengaluru,Self-Employed,2,131939,92047,39892,30.2,20100,221198,276141,3.0,7770,133970,677,74,Good,Wealth Building,Conservative,Intermediate
FH0517,2025-07-08 00:17:17.837837838,55,Lucknow,Salaried,2,108521,66745,41776,38.5,23667,175149,293678,4.4,11354,502835,700,87,Excellent,Retirement,Moderate,Beginner
FH0518,2025-07-08 09:01:58.918918920,43,Bengaluru,Self-Employed,3,65724,45565,20159,30.7,0,0,341738,7.5,6415,137711,683,92,Excellent,Debt Reduction,Moderate,Beginner
FH0519,2025-07-08 17:46:40.000000000,49,Ahmedabad,Salaried,2,130430,68416,62014,47.5,17432,236684,191565,2.8,15028,118918,764,95,Excellent,Wealth Building,Moderate,Intermediate
FH0520,2025-07-09 02:31:21.081081082,31,Hyderabad,Salaried,6,73495,34730,38765,52.7,0,0,163231,4.7,3765,70065,727,100,Excellent,Debt Reduction,Aggressive,Beginner
FH0521,2025-07-09 11:16:02.162162162,38,Kolkata,Business Owner,1,194360,133509,60851,31.3,53603,1453612,66754,0.5,33990,962141,659,67,Good,Wealth Building,Moderate,Beginner
FH0522,2025-07-09 20:00:43.243243244,32,Ahmedabad,Freelancer,1,50321,37128,13193,26.2,16511,567486,219055,5.9,7345,170002,588,73,Good,Retirement,Conservative,Beginner
FH0523,2025-07-10 04:45:24.324324324,29,Kolkata,Salaried,3,58550,26465,32085,54.8,11194,204490,10586,0.4,1846,32308,740,90,Excellent,Wealth Building,Moderate,Beginner
FH0524,2025-07-10 13:30:05.405405406,30,Ahmedabad,Salaried,2,71543,35726,35817,50.1,18398,475756,192920,5.4,13433,154689,749,100,Excellent,Education,Conservative,Intermediate
FH0525,2025-07-10 22:14:46.486486486,37,Bengaluru,Salaried,6,68549,38192,30357,44.3,12178,242898,137491,3.6,4332,175034,715,90,Excellent,Travel,Moderate,Intermediate
FH0526,2025-07-11 06:59:27.567567568,58,Hyderabad,Salaried,1,100844,81358,19486,19.3,31894,794724,292889,3.6,3752,179489,613,59,Fair,Debt Reduction,Conservative,Advanced
FH0527,2025-07-11 15:44:08.648648650,27,Chennai,Self-Employed,1,73757,48594,25163,34.1,17468,340416,155501,3.2,9302,184559,681,78,Good,Travel,Moderate,Beginner
FH0528,2025-07-12 00:28:49.729729730,33,Jaipur,Salaried,4,97710,38559,59151,60.5,0,0,46271,1.2,0,0,804,100,Excellent,Debt Reduction,Conservative,Advanced
FH0529,2025-07-12 09:13:30.810810812,60,Pune,Salaried,4,83988,47620,36368,43.3,28740,610349,61906,1.3,13544,432833,713,82,Excellent,Debt Reduction,Aggressive,Intermediate
FH0530,2025-07-12 17:58:11.891891892,29,Hyderabad,Salaried,1,60322,32910,27412,45.4,10216,223296,181005,5.5,0,0,750,96,Excellent,Education,Conservative,Advanced
FH0531,2025-07-13 02:42:52.972972974,47,Chennai,Salaried,3,81738,33982,47756,58.4,4483,135916,129132,3.8,3919,88041,835,100,Excellent,Wealth Building,Moderate,Intermediate
FH0532,2025-07-13 11:27:34.054054054,22,Delhi,Salaried,5,55078,31137,23941,43.5,8974,251861,99638,3.2,12682,558097,727,94,Excellent,Emergency Fund,Conservative,Intermediate
FH0533,2025-07-13 20:12:15.135135136,25,Ahmedabad,Salaried,5,147963,79810,68153,46.1,0,0,375107,4.7,10644,314213,700,98,Excellent,Travel,Aggressive,Beginner
FH0534,2025-07-14 04:56:56.216216216,49,Delhi,Salaried,6,25582,13542,12040,47.1,1471,13830,54168,4.0,2154,53670,781,100,Excellent,Retirement,Moderate,Beginner
FH0535,2025-07-14 13:41:37.297297298,57,Chennai,Salaried,1,82263,43021,39242,47.7,19627,542068,94646,2.2,17206,570555,767,94,Excellent,Travel,Conservative,Beginner
FH0536,2025-07-14 22:26:18.378378378,58,Hyderabad,Business Owner,1,59316,46622,12694,21.4,14798,310893,405611,8.7,3826,176064,725,84,Excellent,Wealth Building,Aggressive,Advanced
FH0537,2025-07-15 07:10:59.459459460,39,Ahmedabad,Salaried,1,60064,31779,28285,47.1,15607,512268,168429,5.3,10418,410169,765,100,Excellent,Education,Moderate,Advanced
FH0538,2025-07-15 15:55:40.540540542,28,Pune,Freelancer,3,58229,34178,24051,41.3,12835,431206,140130,4.1,11774,90431,687,90,Excellent,Home Purchase,Moderate,Intermediate
FH0539,2025-07-16 00:40:21.621621622,21,Bengaluru,Salaried,4,110174,62995,47179,42.8,14315,109577,176386,2.8,16911,337493,732,91,Excellent,Home Purchase,Moderate,Advanced
FH0540,2025-07-16 09:25:02.702702704,42,Ahmedabad,Business Owner,1,86334,43970,42364,49.1,18382,562843,250629,5.7,1628,41942,720,99,Excellent,Education,Conservative,Advanced
FH0541,2025-07-16 18:09:43.783783784,37,Ahmedabad,Self-Employed,1,126448,74747,51701,40.9,20632,147125,164443,2.2,9828,188793,699,82,Excellent,Wealth Building,Aggressive,Intermediate
FH0542,2025-07-17 02:54:24.864864866,27,Hyderabad,Business Owner,2,72813,42898,29915,41.1,630,10720,90086,2.1,22569,799120,738,94,Excellent,Education,Conservative,Intermediate
FH0543,2025-07-17 11:39:05.945945946,45,Hyderabad,Business Owner,3,176234,104184,72050,40.9,21075,469319,750125,7.2,15097,614498,766,100,Excellent,Emergency Fund,Conservative,Intermediate
FH0544,2025-07-17 20:23:47.027027028,24,Chennai,Salaried,6,55057,25310,29747,54.0,18479,192977,98709,3.9,18116,665156,666,100,Excellent,Travel,Aggressive,Intermediate
FH0545,2025-07-18 05:08:28.108108108,56,Mumbai,Salaried,1,66692,36757,29935,44.9,28443,807480,84541,2.3,15981,759928,643,83,Excellent,Wealth Building,Moderate,Beginner
FH0546,2025-07-18 13:53:09.189189190,26,Ahmedabad,Salaried,2,57781,39663,18118,31.4,17604,110036,150719,3.8,9033,157599,702,78,Good,Travel,Conservative,Intermediate
FH0547,2025-07-18 22:37:50.270270270,51,Jaipur,Self-Employed,5,125318,69530,55788,44.5,52719,582965,382415,5.5,17646,754359,729,94,Excellent,Home Purchase,Conservative,Intermediate
FH0548,2025-07-19 07:22:31.351351352,39,Ahmedabad,Salaried,6,95116,57322,37794,39.7,21981,514881,286610,5.0,8319,317770,674,87,Excellent,Wealth Building,Moderate,Intermediate
FH0549,2025-07-19 16:07:12.432432432,59,Chennai,Salaried,1,75915,45806,30109,39.7,33897,929850,261094,5.7,8637,183204,717,88,Excellent,Retirement,Conservative,Advanced
FH0550,2025-07-20 00:51:53.513513514,47,Kolkata,Self-Employed,1,53457,34129,19328,36.2,26038,872255,44368,1.3,3838,141366,675,68,Good,Travel,Aggressive,Beginner
FH0551,2025-07-20 09:36:34.594594596,30,Delhi,Self-Employed,2,62288,40999,21289,34.2,0,0,233694,5.7,7197,74641,713,92,Excellent,Debt Reduction,Moderate,Beginner
FH0552,2025-07-20 18:21:15.675675676,46,Bengaluru,Business Owner,3,76744,42640,34104,44.4,19093,499346,144976,3.4,1891,74036,623,82,Excellent,Debt Reduction,Conservative,Intermediate
FH0553,2025-07-21 03:05:56.756756758,39,Mumbai,Self-Employed,1,36422,16478,19944,54.8,8422,150166,65912,4.0,761,21580,684,97,Excellent,Emergency Fund,Moderate,Intermediate
FH0554,2025-07-21 11:50:37.837837838,59,Pune,Freelancer,5,93299,38195,55104,59.1,15382,92885,236809,6.2,19693,359913,745,100,Excellent,Wealth Building,Moderate,Beginner
FH0555,2025-07-21 20:35:18.918918920,23,Pune,Salaried,1,57954,41870,16084,27.8,16456,158056,217724,5.2,414,13887,679,74,Good,Emergency Fund,Moderate,Intermediate
FH0556,2025-07-22 05:20:00.000000000,33,Pune,Salaried,5,57738,39714,18024,31.2,13011,286719,178713,4.5,10510,346284,700,83,Excellent,Wealth Building,Moderate,Intermediate
FH0557,2025-07-22 14:04:41.081081082,48,Hyderabad,Salaried,6,109730,73619,36111,32.9,13649,358339,0,0.0,0,0,680,66,Good,Home Purchase,Aggressive,Advanced
FH0558,2025-07-22 22:49:22.162162162,40,Pune,Salaried,6,55025,38164,16861,30.6,11915,220707,141207,3.7,9028,65694,665,77,Good,Retirement,Moderate,Intermediate
FH0559,2025-07-23 07:34:03.243243244,48,Bengaluru,Business Owner,4,81967,45687,36280,44.3,30869,861874,100511,2.2,8645,209314,684,81,Excellent,Retirement,Moderate,Beginner
FH0560,2025-07-23 16:18:44.324324324,28,Delhi,Salaried,4,60083,29592,30491,50.7,14644,317129,153878,5.2,12767,381982,721,100,Excellent,Education,Conservative,Intermediate
FH0561,2025-07-24 01:03:25.405405406,59,Pune,Business Owner,5,73999,32763,41236,55.7,22311,183514,190025,5.8,7160,306573,739,100,Excellent,Emergency Fund,Moderate,Advanced
FH0562,2025-07-24 09:48:06.486486488,21,Ahmedabad,Salaried,3,73326,31346,41980,57.3,13491,158661,100307,3.2,0,0,758,100,Excellent,Wealth Building,Moderate,Intermediate
FH0563,2025-07-24 18:32:47.567567568,23,Ahmedabad,Self-Employed,1,70193,52624,17569,25.0,19568,610521,131560,2.5,7499,211545,586,62,Good,Travel,Moderate,Intermediate
FH0564,2025-07-25 03:17:28.648648650,33,Hyderabad,Self-Employed,1,66986,34227,32759,48.9,4207,116733,236166,6.9,8787,330916,748,100,Excellent,Debt Reduction,Conservative,Beginner
FH0565,2025-07-25 12:02:09.729729730,48,Bengaluru,Salaried,4,52801,38422,14379,27.2,8186,268852,99897,2.6,5848,142988,673,71,Good,Travel,Aggressive,Advanced
FH0566,2025-07-25 20:46:50.810810812,45,Delhi,Salaried,5,62628,34686,27942,44.6,12942,123295,48560,1.4,10037,374736,751,88,Excellent,Debt Reduction,Conservative,Intermediate
FH0567,2025-07-26 05:31:31.891891892,53,Mumbai,Salaried,1,66927,32481,34446,51.5,3619,129222,68210,2.1,5387,78659,736,96,Excellent,Home Purchase,Moderate,Intermediate
FH0568,2025-07-26 14:16:12.972972974,58,Chennai,Salaried,1,54185,23126,31059,57.3,6073,74590,62440,2.7,1710,36910,779,100,Excellent,Debt Reduction,Moderate,Beginner
FH0569,2025-07-26 23:00:54.054054054,26,Delhi,Salaried,3,57330,28531,28799,50.2,14946,94958,59915,2.1,2868,93605,743,90,Excellent,Travel,Moderate,Advanced
FH0570,2025-07-27 07:45:35.135135136,52,Chennai,Salaried,2,63172,49183,13989,22.1,14964,537547,270506,5.5,5300,35842,638,71,Good,Travel,Moderate,Intermediate
FH0571,2025-07-27 16:30:16.216216216,41,Kolkata,Salaried,4,60980,26112,34868,57.2,19808,285873,0,0.0,5079,184588,672,86,Excellent,Retirement,Moderate,Advanced
FH0572,2025-07-28 01:14:57.297297298,36,Chennai,Self-Employed,4,80875,70874,10001,12.4,11479,298920,141748,2.0,23327,958565,667,61,Good,Wealth Building,Conservative,Beginner
FH0573,2025-07-28 09:59:38.378378378,41,Jaipur,Self-Employed,2,63130,29186,33944,53.8,14361,162286,107988,3.7,13122,298709,767,100,Excellent,Retirement,Moderate,Beginner
FH0574,2025-07-28 18:44:19.459459460,31,Ahmedabad,Self-Employed,1,113708,77889,35819,31.5,15084,353069,327134,4.2,19111,474212,699,83,Excellent,Emergency Fund,Conservative,Beginner
FH0575,2025-07-29 03:29:00.540540540,57,Bengaluru,Salaried,3,67241,37632,29609,44.0,20966,694416,270950,7.2,10168,424553,697,99,Excellent,Travel,Moderate,Intermediate
FH0576,2025-07-29 12:13:41.621621624,56,Lucknow,Self-Employed,3,67066,35888,31178,46.5,25136,392258,247627,6.9,9455,364750,630,96,Excellent,Wealth Building,Conservative,Intermediate
FH0577,2025-07-29 20:58:22.702702704,55,Hyderabad,Salaried,4,73326,29477,43849,59.8,20739,541446,17686,0.6,10365,187630,776,98,Excellent,Home Purchase,Moderate,Intermediate
FH0578,2025-07-30 05:43:03.783783784,39,Jaipur,Salaried,3,63330,35859,27471,43.4,22669,263802,0,0.0,8323,163189,738,78,Good,Debt Reduction,Moderate,Intermediate
FH0579,2025-07-30 14:27:44.864864864,40,Chennai,Freelancer,6,32704,13665,19039,58.2,7333,181447,51927,3.8,4016,138604,715,100,Excellent,Emergency Fund,Moderate,Intermediate
FH0580,2025-07-30 23:12:25.945945948,38,Pune,Salaried,2,73238,25236,48002,65.5,23782,382736,63090,2.5,0,0,805,100,Excellent,Education,Moderate,Beginner
FH0581,2025-07-31 07:57:07.027027028,34,Bengaluru,Self-Employed,1,55991,33412,22579,40.3,12867,158730,46777,1.4,5272,67554,739,81,Excellent,Education,Moderate,Beginner
FH0582,2025-07-31 16:41:48.108108108,35,Jaipur,Self-Employed,6,110950,54481,56469,50.9,9626,148197,207028,3.8,11448,217707,717,99,Excellent,Wealth Building,Conservative,Advanced
FH0583,2025-08-01 01:26:29.189189188,51,Hyderabad,Salaried,2,59726,48725,11001,18.4,15055,171104,209518,4.3,4036,176774,616,62,Good,Debt Reduction,Moderate,Intermediate
FH0584,2025-08-01 10:11:10.270270272,21,Ahmedabad,Salaried,5,85406,61493,23913,28.0,7739,255832,129135,2.1,6924,241671,639,69,Good,Debt Reduction,Moderate,Intermediate
FH0585,2025-08-01 18:55:51.351351352,23,Bengaluru,Salaried,4,52134,42627,9507,18.2,27323,489508,110830,2.6,7354,348660,578,52,Fair,Wealth Building,Conservative,Intermediate
FH0586,2025-08-02 03:40:32.432432432,36,Hyderabad,Freelancer,3,61487,29801,31686,51.5,10857,145032,68542,2.3,10682,408208,758,98,Excellent,Debt Reduction,Conservative,Intermediate
FH0587,2025-08-02 12:25:13.513513516,43,Kolkata,Salaried,5,99283,59476,39807,40.1,30168,586835,178428,3.0,13994,637608,639,80,Excellent,Retirement,Conservative,Beginner
FH0588,2025-08-02 21:09:54.594594596,31,Kolkata,Salaried,3,59159,14790,44369,75.0,12920,201760,72471,4.9,10174,153423,819,100,Excellent,Debt Reduction,Conservative,Intermediate
FH0589,2025-08-03 05:54:35.675675676,32,Hyderabad,Salaried,6,52858,28572,24286,45.9,3152,89304,45715,1.6,9155,351574,769,94,Excellent,Education,Moderate,Advanced
FH0590,2025-08-03 14:39:16.756756756,30,Jaipur,Self-Employed,1,100614,59744,40870,40.6,0,0,149360,2.5,9963,68238,765,90,Excellent,Debt Reduction,Conservative,Intermediate
FH0591,2025-08-03 23:23:57.837837840,52,Bengaluru,Salaried,1,81196,48845,32351,39.8,25769,493245,146535,3.0,12729,434974,698,83,Excellent,Travel,Moderate,Beginner
FH0592,2025-08-04 08:08:38.918918920,36,Jaipur,Salaried,1,53642,30794,22848,42.6,22606,719572,117017,3.8,0,0,629,78,Good,Wealth Building,Conservative,Intermediate
FH0593,2025-08-04 16:53:20.000000000,28,Mumbai,Self-Employed,3,39929,23531,16398,41.1,4970,114190,103536,4.4,3717,76436,717,91,Excellent,Home Purchase,Conservative,Beginner
FH0594,2025-08-05 01:38:01.081081080,58,Chennai,Freelancer,5,48465,12116,36349,75.0,224,2401,95716,7.9,4113,173655,850,100,Excellent,Education,Aggressive,Beginner
FH0595,2025-08-05 10:22:42.162162164,32,Mumbai,Salaried,1,82390,50742,31648,38.4,14643,391242,248636,4.9,18718,783896,754,95,Excellent,Home Purchase,Moderate,Advanced
FH0596,2025-08-05 19:07:23.243243244,44,Kolkata,Salaried,5,49557,32097,17460,35.2,4865,104126,160485,5.0,7116,49361,708,89,Excellent,Education,Conservative,Beginner
FH0597,2025-08-06 03:52:04.324324324,48,Ahmedabad,Salaried,3,64752,49686,15066,23.3,8771,223820,163964,3.3,1722,54414,680,68,Good,Emergency Fund,Moderate,Advanced
FH0598,2025-08-06 12:36:45.405405404,28,Delhi,Self-Employed,6,63555,40143,23412,36.8,19025,621939,72257,1.8,10272,220324,644,75,Good,Travel,Conservative,Intermediate
FH0599,2025-08-06 21:21:26.486486488,48,Chennai,Salaried,5,33054,18566,14488,43.8,7055,135548,50128,2.7,6072,142436,673,87,Excellent,Education,Conservative,Intermediate
FH0600,2025-08-07 06:06:07.567567568,56,Kolkata,Salaried,6,51314,37700,13614,26.5,5756,190151,90480,2.4,5836,238959,634,69,Good,Travel,Conservative,Intermediate
FH0601,2025-08-07 14:50:48.648648648,46,Jaipur,Business Owner,3,139223,34806,104417,75.0,41280,1177309,160108,4.6,23434,445557,777,100,Excellent,Education,Aggressive,Beginner
FH0602,2025-08-07 23:35:29.729729732,28,Jaipur,Self-Employed,3,34898,17725,17173,49.2,10703,221104,8862,0.5,0,0,785,84,Excellent,Home Purchase,Moderate,Intermediate
FH0603,2025-08-08 08:20:10.810810812,48,Jaipur,Salaried,4,70998,33567,37431,52.7,12509,301425,167835,5.0,0,0,732,100,Excellent,Home Purchase,Moderate,Advanced
FH0604,2025-08-08 17:04:51.891891892,48,Ahmedabad,Freelancer,3,39615,22785,16830,42.5,9426,148624,82026,3.6,1485,50244,717,86,Excellent,Wealth Building,Aggressive,Intermediate
FH0605,2025-08-09 01:49:32.972972972,57,Mumbai,Self-Employed,3,98986,26942,72044,72.8,28475,1011088,142793,5.3,12911,441923,806,100,Excellent,Education,Aggressive,Intermediate
FH0606,2025-08-09 10:34:14.054054056,56,Delhi,Salaried,2,83463,63828,19635,23.5,22985,598082,153187,2.4,18967,314704,603,65,Good,Education,Moderate,Advanced
FH0607,2025-08-09 19:18:55.135135136,47,Jaipur,Salaried,1,61204,33358,27846,45.5,13788,100865,66716,2.0,2519,49472,701,84,Excellent,Retirement,Moderate,Beginner
FH0608,2025-08-10 04:03:36.216216216,37,Lucknow,Freelancer,4,56541,35317,21224,37.5,22969,362879,105951,3.0,3406,139856,681,75,Good,Travel,Conservative,Beginner
FH0609,2025-08-10 12:48:17.297297296,29,Chennai,Salaried,4,49017,29961,19056,38.9,14497,358068,86887,2.9,6186,235042,698,81,Excellent,Travel,Conservative,Beginner
FH0610,2025-08-10 21:32:58.378378380,53,Bengaluru,Salaried,4,40586,30713,9873,24.3,6551,50377,165850,5.4,3472,68822,594,72,Good,Travel,Moderate,Intermediate
FH0611,2025-08-11 06:17:39.459459460,40,Lucknow,Salaried,2,117768,37606,80162,68.1,19101,128292,203072,5.4,9605,273033,816,100,Excellent,Travel,Moderate,Intermediate
FH0612,2025-08-11 15:02:20.540540540,33,Delhi,Self-Employed,6,59101,35208,23893,40.4,8714,169929,267581,7.6,5348,45942,695,99,Excellent,Emergency Fund,Aggressive,Intermediate
FH0613,2025-08-11 23:47:01.621621624,48,Ahmedabad,Salaried,3,112518,83316,29202,26.0,34000,543344,233285,2.8,23858,352319,625,68,Good,Emergency Fund,Moderate,Advanced
FH0614,2025-08-12 08:31:42.702702704,49,Delhi,Salaried,1,48113,27246,20867,43.4,6690,128107,0,0.0,9533,251714,739,84,Excellent,Debt Reduction,Moderate,Intermediate
FH0615,2025-08-12 17:16:23.783783784,33,Bengaluru,Salaried,5,78117,34904,43213,55.3,12871,178660,104712,3.0,9502,91323,810,100,Excellent,Education,Moderate,Beginner
FH0616,2025-08-13 02:01:04.864864864,55,Chennai,Salaried,6,43648,21626,22022,50.5,15606,170754,92992,4.3,10293,426336,700,98,Excellent,Education,Conservative,Beginner
FH0617,2025-08-13 10:45:45.945945948,26,Bengaluru,Self-Employed,3,96083,50442,45641,47.5,23532,627700,262298,5.2,14954,540681,760,100,Excellent,Education,Moderate,Advanced
FH0618,2025-08-13 19:30:27.027027028,38,Hyderabad,Self-Employed,2,71384,34197,37187,52.1,26827,575094,150467,4.4,14332,654007,658,96,Excellent,Education,Moderate,Beginner
FH0619,2025-08-14 04:15:08.108108108,25,Chennai,Salaried,3,58265,32547,25718,44.1,18863,226443,91132,2.8,3482,122307,699,83,Excellent,Travel,Moderate,Intermediate
FH0620,2025-08-14 12:59:49.189189188,45,Delhi,Salaried,3,80471,63665,16806,20.9,5394,84080,458388,7.2,5974,271798,652,79,Good,Travel,Moderate,Beginner
FH0621,2025-08-14 21:44:30.270270272,22,Jaipur,Self-Employed,2,67886,33697,34189,50.4,14034,333367,57285,1.7,4989,146125,744,91,Excellent,Emergency Fund,Conservative,Beginner
FH0622,2025-08-15 06:29:11.351351352,30,Delhi,Salaried,4,39430,20177,19253,48.8,13749,112286,66584,3.3,4492,140192,693,90,Excellent,Home Purchase,Moderate,Intermediate
FH0623,2025-08-15 15:13:52.432432432,50,Delhi,Salaried,4,84847,54673,30174,35.6,5186,54057,87477,1.6,10537,495584,669,78,Good,Retirement,Moderate,Beginner
FH0624,2025-08-15 23:58:33.513513516,25,Chennai,Freelancer,1,40176,22319,17857,44.4,11031,90425,84812,3.8,5733,189014,673,89,Excellent,Travel,Moderate,Advanced
FH0625,2025-08-16 08:43:14.594594596,53,Hyderabad,Self-Employed,1,95852,37757,58095,60.6,20599,625582,264299,7.0,24741,180437,706,100,Excellent,Travel,Moderate,Intermediate
FH0626,2025-08-16 17:27:55.675675676,21,Delhi,Salaried,4,91372,52213,39159,42.9,0,0,182746,3.5,15578,567035,703,94,Excellent,Wealth Building,Conservative,Intermediate
FH0627,2025-08-17 02:12:36.756756756,38,Lucknow,Salaried,6,56995,32268,24727,43.4,13425,383947,112938,3.5,4786,210726,725,89,Excellent,Travel,Conservative,Intermediate
FH0628,2025-08-17 10:57:17.837837840,52,Kolkata,Salaried,5,98318,70454,27864,28.3,10926,300353,28182,0.4,11776,464144,676,67,Good,Home Purchase,Conservative,Intermediate
FH0629,2025-08-17 19:41:58.918918920,31,Pune,Salaried,3,76939,34153,42786,55.6,5248,136876,109290,3.2,17338,529173,783,100,Excellent,Home Purchase,Moderate,Advanced
FH0630,2025-08-18 04:26:40.000000000,41,Pune,Salaried,5,50950,36558,14392,28.2,11270,228891,223004,6.1,8903,304436,728,86,Excellent,Emergency Fund,Moderate,Beginner
FH0631,2025-08-18 13:11:21.081081080,46,Delhi,Salaried,3,106154,60115,46039,43.4,0,0,198380,3.3,23824,1133738,740,98,Excellent,Travel,Aggressive,Beginner
FH0632,2025-08-18 21:56:02.162162164,45,Lucknow,Salaried,4,43589,18520,25069,57.5,5769,41253,59264,3.2,3758,36858,791,100,Excellent,Wealth Building,Conservative,Beginner
FH0633,2025-08-19 06:40:43.243243244,42,Jaipur,Freelancer,1,52589,20866,31723,60.3,29011,714945,125196,6.0,3691,125584,703,100,Excellent,Retirement,Conservative,Advanced
FH0634,2025-08-19 15:25:24.324324324,47,Ahmedabad,Business Owner,6,102337,87070,15267,14.9,31165,914267,278624,3.2,7287,130457,707,59,Fair,Education,Moderate,Advanced
FH0635,2025-08-20 00:10:05.405405408,33,Ahmedabad,Salaried,1,80336,44796,35540,44.2,8469,177940,286694,6.4,7380,242682,628,96,Excellent,Travel,Moderate,Beginner
FH0636,2025-08-20 08:54:46.486486488,53,Chennai,Salaried,5,96042,68296,27746,28.9,38661,646621,81955,1.2,4377,137964,609,58,Fair,Emergency Fund,Moderate,Intermediate
FH0637,2025-08-20 17:39:27.567567568,54,Pune,Business Owner,1,159008,54200,104808,65.9,14475,207323,281840,5.2,22367,278361,824,100,Excellent,Emergency Fund,Moderate,Beginner
FH0638,2025-08-21 02:24:08.648648648,55,Delhi,Salaried,4,70295,63266,7029,10.0,10405,263081,449189,7.1,9973,146437,597,66,Good,Retirement,Moderate,Beginner
FH0639,2025-08-21 11:08:49.729729732,21,Ahmedabad,Salaried,6,58927,41547,17380,29.5,4163,111502,240973,5.8,12594,404374,716,90,Excellent,Wealth Building,Conservative,Intermediate
FH0640,2025-08-21 19:53:30.810810812,41,Delhi,Freelancer,5,31666,17234,14432,45.6,8021,257707,1723,0.1,0,0,709,77,Good,Debt Reduction,Aggressive,Beginner
FH0641,2025-08-22 04:38:11.891891892,26,Chennai,Salaried,6,41035,22041,18994,46.3,16329,265673,55102,2.5,2212,37908,718,84,Excellent,Emergency Fund,Conservative,Intermediate
FH0642,2025-08-22 13:22:52.972972972,48,Pune,Self-Employed,3,148466,101379,47087,31.7,13381,389296,334551,3.3,26188,1075811,659,80,Excellent,Home Purchase,Moderate,Intermediate
FH0643,2025-08-22 22:07:34.054054056,37,Bengaluru,Freelancer,1,31555,21293,10262,32.5,0,0,123499,5.8,4192,82741,724,92,Excellent,Home Purchase,Moderate,Intermediate
FH0644,2025-08-23 06:52:15.135135136,25,Kolkata,Salaried,6,49393,29910,19483,39.4,17872,580574,32901,1.1,6082,161164,689,75,Good,Education,Moderate,Intermediate
FH0645,2025-08-23 15:36:56.216216216,51,Kolkata,Salaried,2,97028,56424,40604,41.8,40945,894008,101563,1.8,20227,920893,674,80,Excellent,Emergency Fund,Conservative,Intermediate
FH0646,2025-08-24 00:21:37.297297296,25,Ahmedabad,Salaried,1,69950,46066,23884,34.1,0,0,27640,0.6,3449,53598,728,75,Good,Wealth Building,Conservative,Intermediate
FH0647,2025-08-24 09:06:18.378378380,58,Kolkata,Business Owner,3,152215,51169,101046,66.4,42591,993917,107455,2.1,10501,234847,811,100,Excellent,Education,Moderate,Beginner
FH0648,2025-08-24 17:50:59.459459460,23,Bengaluru,Freelancer,6,72554,38310,34244,47.2,18098,515421,49803,1.3,4407,138694,658,81,Excellent,Emergency Fund,Conservative,Intermediate
FH0649,2025-08-25 02:35:40.540540540,43,Delhi,Business Owner,5,183981,64290,119691,65.1,21641,756152,450030,7.0,0,0,799,100,Excellent,Retirement,Conservative,Beginner
FH0650,2025-08-25 11:20:21.621621624,57,Chennai,Salaried,3,72081,47908,24173,33.5,2792,22914,119770,2.5,9320,408863,671,79,Good,Travel,Moderate,Beginner
FH0651,2025-08-25 20:05:02.702702704,57,Bengaluru,Business Owner,2,138752,67348,71404,51.5,48414,368093,350210,5.2,11572,514374,738,99,Excellent,Wealth Building,Moderate,Intermediate
FH0652,2025-08-26 04:49:43.783783784,30,Chennai,Freelancer,6,46565,16762,29803,64.0,11328,386585,63696,3.8,3199,123542,739,100,Excellent,Emergency Fund,Moderate,Advanced
FH0653,2025-08-26 13:34:24.864864864,30,Chennai,Self-Employed,4,98223,46054,52169,53.1,24858,544297,175005,3.8,5506,85838,647,93,Excellent,Wealth Building,Conservative,Beginner
FH0654,2025-08-26 22:19:05.945945948,39,Pune,Freelancer,1,52232,31387,20845,39.9,7269,177706,81606,2.6,6203,43681,742,87,Excellent,Debt Reduction,Moderate,Beginner
FH0655,2025-08-27 07:03:47.027027028,37,Delhi,Business Owner,5,93868,51746,42122,44.9,10865,222436,274254,5.3,6017,133087,724,97,Excellent,Wealth Building,Conservative,Beginner
FH0656,2025-08-27 15:48:28.108108108,41,Lucknow,Self-Employed,4,109418,45491,63927,58.4,0,0,186513,4.1,14827,177109,808,100,Excellent,Wealth Building,Aggressive,Beginner
FH0657,2025-08-28 00:33:09.189189188,34,Kolkata,Self-Employed,6,109683,37437,72246,65.9,20879,606382,149748,4.0,16687,598000,833,100,Excellent,Home Purchase,Moderate,Intermediate
FH0658,2025-08-28 09:17:50.270270272,29,Lucknow,Salaried,6,117371,69290,48081,41.0,47776,1357638,180154,2.6,11664,393864,683,79,Good,Retirement,Moderate,Beginner
FH0659,2025-08-28 18:02:31.351351352,21,Pune,Salaried,3,114724,57212,57512,50.1,11962,183630,165915,2.9,10856,85185,757,97,Excellent,Travel,Aggressive,Intermediate
FH0660,2025-08-29 02:47:12.432432432,33,Chennai,Self-Employed,6,110287,59982,50305,45.6,2436,36996,299910,5.0,14666,603314,751,100,Excellent,Travel,Conservative,Intermediate
FH0661,2025-08-29 11:31:53.513513516,24,Ahmedabad,Salaried,5,35596,19850,15746,44.2,9847,306589,85355,4.3,4200,69078,663,89,Excellent,Home Purchase,Conservative,Intermediate
FH0662,2025-08-29 20:16:34.594594596,21,Kolkata,Freelancer,4,113753,72826,40927,36.0,34195,279398,291304,4.0,24242,585530,666,83,Excellent,Wealth Building,Moderate,Intermediate
FH0663,2025-08-30 05:01:15.675675676,60,Kolkata,Freelancer,5,82734,57796,24938,30.1,11900,385955,132931,2.3,11771,400840,753,78,Good,Travel,Conservative,Beginner
FH0664,2025-08-30 13:45:56.756756756,52,Delhi,Business Owner,2,84136,50525,33611,39.9,14695,201319,389042,7.7,16549,397765,695,100,Excellent,Education,Moderate,Beginner
FH0665,2025-08-30 22:30:37.837837840,54,Hyderabad,Salaried,2,83890,44892,38998,46.5,21334,507526,125698,2.8,13652,334939,708,90,Excellent,Retirement,Conservative,Intermediate
FH0666,2025-08-31 07:15:18.918918920,48,Mumbai,Salaried,1,45211,26379,18832,41.7,9032,307809,97602,3.7,1253,10972,753,88,Excellent,Debt Reduction,Aggressive,Beginner
FH0667,2025-08-31 16:00:00.000000000,51,Mumbai,Salaried,1,80714,42981,37733,46.7,28251,744235,146135,3.4,6531,149303,643,85,Excellent,Home Purchase,Moderate,Intermediate
FH0668,2025-09-01 00:44:41.081081080,28,Mumbai,Self-Employed,2,50468,17666,32802,65.0,27093,499402,136028,7.7,5886,224396,740,100,Excellent,Emergency Fund,Conservative,Beginner
FH0669,2025-09-01 09:29:22.162162164,59,Hyderabad,Business Owner,6,82897,60753,22144,26.7,0,0,194410,3.2,14987,665983,644,76,Good,Emergency Fund,Moderate,Beginner
FH0670,2025-09-01 18:14:03.243243244,46,Delhi,Freelancer,5,76924,54345,22579,29.4,29221,476869,163035,3.0,19612,458271,654,73,Good,Emergency Fund,Conservative,Beginner
FH0671,2025-09-02 02:58:44.324324324,54,Hyderabad,Salaried,2,94623,81221,13402,14.2,22112,316594,324884,4.0,8148,193846,620,59,Fair,Retirement,Conservative,Beginner
FH0672,2025-09-02 11:43:25.405405408,23,Mumbai,Freelancer,1,67239,60466,6773,10.1,26927,966693,145118,2.4,8329,295766,600,47,Fair,Debt Reduction,Moderate,Advanced
FH0673,2025-09-02 20:28:06.486486488,32,Pune,Freelancer,2,54282,22546,31736,58.5,17054,486443,90184,4.0,9553,435583,704,100,Excellent,Travel,Moderate,Beginner
FH0674,2025-09-03 05:12:47.567567568,21,Bengaluru,Salaried,6,31006,16528,14478,46.7,7068,179114,140488,8.5,3595,61894,700,100,Excellent,Debt Reduction,Moderate,Advanced
FH0675,2025-09-03 13:57:28.648648648,25,Chennai,Freelancer,2,55767,50190,5577,10.0,17779,296175,220836,4.4,13110,321012,616,59,Fair,Debt Reduction,Moderate,Intermediate
FH0676,2025-09-03 22:42:09.729729732,50,Hyderabad,Salaried,5,78344,44995,33349,42.6,13221,98825,193478,4.3,2010,79256,700,89,Excellent,Home Purchase,Conservative,Advanced
FH0677,2025-09-04 07:26:50.810810812,50,Delhi,Salaried,4,58179,35733,22446,38.6,6943,48127,85759,2.4,9743,307948,741,87,Excellent,Retirement,Aggressive,Intermediate
FH0678,2025-09-04 16:11:31.891891892,37,Delhi,Self-Employed,6,79370,29132,50238,63.3,25828,584370,209750,7.2,13237,140903,759,100,Excellent,Emergency Fund,Moderate,Advanced
FH0679,2025-09-05 00:56:12.972972972,43,Lucknow,Salaried,1,60911,36610,24301,39.9,6715,193801,281897,7.7,12221,395530,704,100,Excellent,Home Purchase,Conservative,Beginner
FH0680,2025-09-05 09:40:54.054054056,35,Bengaluru,Self-Employed,5,71481,60793,10688,15.0,21695,479923,334362,5.5,8888,123040,599,63,Good,Travel,Moderate,Intermediate
FH0681,2025-09-05 18:25:35.135135136,57,Ahmedabad,Self-Employed,2,82153,62447,19706,24.0,18402,574576,318480,5.1,14985,411025,652,75,Good,Debt Reduction,Moderate,Beginner
FH0682,2025-09-06 03:10:16.216216216,41,Kolkata,Self-Employed,2,72718,35966,36752,50.5,0,0,118688,3.3,7458,210482,764,100,Excellent,Wealth Building,Conservative,Intermediate
FH0683,2025-09-06 11:54:57.297297296,34,Mumbai,Salaried,4,107720,56501,51219,47.5,15655,266175,259905,4.6,6884,294639,762,99,Excellent,Emergency Fund,Conservative,Intermediate
FH0684,2025-09-06 20:39:38.378378380,22,Ahmedabad,Salaried,1,30028,12662,17366,57.8,7913,103756,26590,2.1,1612,40985,733,96,Excellent,Retirement,Conservative,Intermediate
FH0685,2025-09-07 05:24:19.459459460,31,Lucknow,Self-Employed,1,66088,30456,35632,53.9,11051,214590,45684,1.5,1262,22384,732,92,Excellent,Education,Moderate,Beginner
FH0686,2025-09-07 14:09:00.540540540,59,Mumbai,Salaried,3,47933,14982,32951,68.7,0,0,11986,0.8,4271,67057,850,100,Excellent,Debt Reduction,Moderate,Beginner
FH0687,2025-09-07 22:53:41.621621624,58,Bengaluru,Salaried,1,70181,39872,30309,43.2,27490,951812,183411,4.6,9952,425135,664,87,Excellent,Debt Reduction,Conservative,Intermediate
FH0688,2025-09-08 07:38:22.702702704,54,Lucknow,Salaried,4,66779,52850,13929,20.9,16162,205220,52850,1.0,7041,92818,620,56,Fair,Debt Reduction,Conservative,Intermediate
FH0689,2025-09-08 16:23:03.783783784,58,Mumbai,Self-Employed,3,141146,88888,52258,37.0,39194,1319632,248886,2.8,18893,451287,594,75,Good,Debt Reduction,Moderate,Beginner
FH0690,2025-09-09 01:07:44.864864864,54,Bengaluru,Salaried,3,128675,99244,29431,22.9,20392,382896,367203,3.7,26564,368211,624,71,Good,Emergency Fund,Moderate,Advanced
FH0691,2025-09-09 09:52:25.945945948,38,Jaipur,Self-Employed,2,61035,44571,16464,27.0,17645,627557,258512,5.8,5113,196742,620,74,Good,Retirement,Moderate,Advanced
FH0692,2025-09-09 18:37:07.027027028,50,Ahmedabad,Business Owner,2,110019,55389,54630,49.7,50447,1141199,144011,2.6,31226,809492,668,90,Excellent,Home Purchase,Aggressive,Advanced
FH0693,2025-09-10 03:21:48.108108108,35,Ahmedabad,Salaried,1,69623,32978,36645,52.6,8664,293926,197868,6.0,12036,249723,730,100,Excellent,Emergency Fund,Moderate,Intermediate
FH0694,2025-09-10 12:06:29.189189188,47,Kolkata,Salaried,3,49164,23551,25613,52.1,21470,132265,134241,5.7,5222,110530,732,100,Excellent,Retirement,Moderate,Beginner
FH0695,2025-09-10 20:51:10.270270272,54,Bengaluru,Freelancer,2,74760,25389,49371,66.0,20321,578075,43161,1.7,7822,326905,742,100,Excellent,Home Purchase,Moderate,Advanced
FH0696,2025-09-11 05:35:51.351351352,58,Hyderabad,Business Owner,4,101155,59128,42027,41.5,10821,358083,354768,6.0,5000,146293,701,95,Excellent,Debt Reduction,Moderate,Intermediate
FH0697,2025-09-11 14:20:32.432432432,53,Jaipur,Freelancer,2,41292,10323,30969,75.0,20960,213616,33034,3.2,4881,176450,759,100,Excellent,Retirement,Conservative,Beginner
FH0698,2025-09-11 23:05:13.513513516,44,Pune,Business Owner,6,99746,66111,33635,33.7,27023,240066,185111,2.8,0,0,634,70,Good,Debt Reduction,Conservative,Intermediate
FH0699,2025-09-12 07:49:54.594594596,35,Mumbai,Salaried,6,45842,27050,18792,41.0,14117,264513,86560,3.2,9531,418155,742,89,Excellent,Wealth Building,Moderate,Beginner
FH0700,2025-09-12 16:34:35.675675676,50,Jaipur,Salaried,2,93430,60356,33074,35.4,17283,587801,229353,3.8,0,0,721,81,Excellent,Retirement,Conservative,Intermediate
FH0701,2025-09-13 01:19:16.756756756,37,Bengaluru,Salaried,3,126461,92061,34400,27.2,14730,328061,276183,3.0,15545,715116,640,72,Good,Travel,Conservative,Beginner
FH0702,2025-09-13 10:03:57.837837840,25,Chennai,Salaried,3,70815,43044,27771,39.2,17124,373709,90392,2.1,2827,19916,730,79,Good,Education,Moderate,Intermediate
FH0703,2025-09-13 18:48:38.918918920,49,Mumbai,Salaried,5,67581,54634,12947,19.2,28762,294344,125658,2.3,4793,104617,644,55,Fair,Debt Reduction,Conservative,Intermediate
FH0704,2025-09-14 03:33:20.000000000,24,Delhi,Salaried,6,68562,45736,22826,33.3,12324,74236,187518,4.1,5481,239101,648,78,Good,Debt Reduction,Conservative,Intermediate
FH0705,2025-09-14 12:18:01.081081080,30,Ahmedabad,Salaried,4,98314,46601,51713,52.6,21287,645086,163104,3.5,25050,439245,698,100,Excellent,Debt Reduction,Moderate,Beginner
FH0706,2025-09-14 21:02:42.162162164,37,Bengaluru,Business Owner,3,165129,90279,74850,45.3,67591,583124,442367,4.9,7063,123387,661,87,Excellent,Travel,Moderate,Intermediate
FH0707,2025-09-15 05:47:23.243243244,30,Delhi,Self-Employed,1,76826,20237,56589,73.7,13902,347765,78924,3.9,14136,264486,759,100,Excellent,Emergency Fund,Conservative,Intermediate
FH0708,2025-09-15 14:32:04.324324324,37,Kolkata,Salaried,6,71008,32216,38792,54.6,20332,679871,128864,4.0,14289,453207,705,100,Excellent,Home Purchase,Aggressive,Beginner
FH0709,2025-09-15 23:16:45.405405408,40,Lucknow,Business Owner,4,138228,72799,65429,47.3,46176,566097,363995,5.0,0,0,688,90,Excellent,Debt Reduction,Conservative,Advanced
FH0710,2025-09-16 08:01:26.486486488,44,Pune,Salaried,4,43650,28655,14995,34.4,8486,220281,189123,6.6,3358,122644,706,89,Excellent,Debt Reduction,Moderate,Intermediate
FH0711,2025-09-16 16:46:07.567567568,25,Pune,Freelancer,3,91722,43563,48159,52.5,23873,199601,291872,6.7,20538,895174,733,100,Excellent,Emergency Fund,Conservative,Advanced
FH0712,2025-09-17 01:30:48.648648648,54,Delhi,Salaried,4,119292,48376,70916,59.4,36497,880040,314444,6.5,3336,114479,738,100,Excellent,Emergency Fund,Moderate,Beginner
FH0713,2025-09-17 10:15:29.729729732,26,Ahmedabad,Freelancer,3,90207,28482,61725,68.4,15144,165341,156651,5.5,18391,268281,778,100,Excellent,Education,Conservative,Beginner
FH0714,2025-09-17 19:00:10.810810812,22,Kolkata,Self-Employed,2,51732,25685,26047,50.3,16867,473602,205480,8.0,6143,277496,666,100,Excellent,Retirement,Conservative,Beginner
FH0715,2025-09-18 03:44:51.891891892,33,Chennai,Salaried,6,32619,27828,4791,14.7,4857,73034,130792,4.7,3775,64585,658,66,Good,Debt Reduction,Conservative,Intermediate
FH0716,2025-09-18 12:29:32.972972972,31,Ahmedabad,Salaried,5,83299,51475,31824,38.2,11015,219218,231638,4.5,10401,127886,731,91,Excellent,Retirement,Moderate,Beginner
FH0717,2025-09-18 21:14:14.054054056,43,Jaipur,Salaried,2,49815,35445,14370,28.8,1070,25662,294194,8.3,7172,70132,681,94,Excellent,Wealth Building,Moderate,Intermediate
FH0718,2025-09-19 05:58:55.135135136,36,Pune,Salaried,6,71872,32629,39243,54.6,11108,123723,0,0.0,3817,113220,717,88,Excellent,Emergency Fund,Conservative,Beginner
FH0719,2025-09-19 14:43:36.216216216,51,Jaipur,Salaried,3,111240,40015,71225,64.0,12680,358199,136051,3.4,11321,122018,846,100,Excellent,Emergency Fund,Aggressive,Beginner
FH0720,2025-09-19 23:28:17.297297296,31,Mumbai,Self-Employed,6,63567,26002,37565,59.1,10672,160925,163813,6.3,9277,109734,776,100,Excellent,Education,Conservative,Intermediate
FH0721,2025-09-20 08:12:58.378378380,36,Hyderabad,Salaried,3,56954,32259,24695,43.4,17061,441388,187102,5.8,7540,140254,710,95,Excellent,Home Purchase,Moderate,Advanced
FH0722,2025-09-20 16:57:39.459459460,28,Bengaluru,Self-Employed,2,88136,26513,61623,69.9,0,0,235966,8.9,12731,226986,845,100,Excellent,Travel,Conservative,Beginner
FH0723,2025-09-21 01:42:20.540540540,24,Kolkata,Freelancer,1,38100,16729,21371,56.1,0,0,66916,4.0,2655,83309,746,100,Excellent,Travel,Moderate,Intermediate
FH0724,2025-09-21 10:27:01.621621624,60,Ahmedabad,Salaried,1,49856,24824,25032,50.2,6113,60186,71990,2.9,8189,330044,801,100,Excellent,Travel,Moderate,Intermediate
FH0725,2025-09-21 19:11:42.702702704,24,Pune,Self-Employed,6,80699,31882,48817,60.5,22592,423842,98834,3.1,10398,394882,737,100,Excellent,Emergency Fund,Moderate,Intermediate
FH0726,2025-09-22 03:56:23.783783784,45,Jaipur,Salaried,1,58512,16540,41972,71.7,15070,202182,72776,4.4,547,9312,818,100,Excellent,Debt Reduction,Conservative,Advanced
FH0727,2025-09-22 12:41:04.864864864,23,Lucknow,Self-Employed,3,98985,61425,37560,37.9,11932,339480,429975,7.0,8196,133620,763,98,Excellent,Education,Conservative,Advanced
FH0728,2025-09-22 21:25:45.945945948,52,Mumbai,Salaried,4,171140,100360,70780,41.4,63668,882505,712556,7.1,9809,456739,680,92,Excellent,Home Purchase,Moderate,Beginner
FH0729,2025-09-23 06:10:27.027027028,23,Bengaluru,Freelancer,3,62118,42803,19315,31.1,8349,270938,158371,3.7,3504,22236,648,75,Good,Wealth Building,Conservative,Intermediate
FH0730,2025-09-23 14:55:08.108108108,47,Bengaluru,Business Owner,4,81931,34783,47148,57.5,22950,751718,149567,4.3,7099,304890,655,99,Excellent,Travel,Moderate,Intermediate
FH0731,2025-09-23 23:39:49.189189188,49,Ahmedabad,Salaried,2,106780,73293,33487,31.4,18456,219502,190562,2.6,17399,250347,682,77,Good,Education,Conservative,Intermediate
FH0732,2025-09-24 08:24:30.270270272,52,Kolkata,Salaried,5,37274,29599,7675,20.6,3991,97442,82877,2.8,2837,129895,671,66,Good,Emergency Fund,Conservative,Beginner
FH0733,2025-09-24 17:09:11.351351352,39,Chennai,Freelancer,4,36901,22757,14144,38.3,5216,45022,134266,5.9,5009,102068,689,93,Excellent,Travel,Conservative,Advanced
FH0734,2025-09-25 01:53:52.432432432,41,Lucknow,Business Owner,1,89317,44177,45140,50.5,28172,499943,309239,7.0,11100,271892,719,100,Excellent,Home Purchase,Aggressive,Intermediate
FH0735,2025-09-25 10:38:33.513513516,25,Ahmedabad,Salaried,3,58873,35342,23531,40.0,15715,430586,84821,2.4,3854,137584,707,80,Excellent,Wealth Building,Moderate,Beginner
FH0736,2025-09-25 19:23:14.594594596,38,Jaipur,Salaried,2,52337,25536,26801,51.2,18101,466693,109805,4.3,5017,153932,746,97,Excellent,Retirement,Moderate,Beginner
FH0737,2025-09-26 04:07:55.675675676,48,Hyderabad,Business Owner,1,108793,50545,58248,53.5,29040,718479,166798,3.3,19641,380121,724,99,Excellent,Wealth Building,Conservative,Advanced
FH0738,2025-09-26 12:52:36.756756756,42,Delhi,Salaried,2,71561,48351,23210,32.4,755,10930,265930,5.5,9338,273238,714,90,Excellent,Home Purchase,Moderate,Beginner
FH0739,2025-09-26 21:37:17.837837840,41,Chennai,Freelancer,5,87224,48892,38332,43.9,43165,748513,146676,3.0,13818,506978,656,81,Excellent,Wealth Building,Moderate,Intermediate
FH0740,2025-09-27 06:21:58.918918920,26,Kolkata,Salaried,3,67108,50245,16863,25.1,18037,163927,0,0.0,14031,109134,648,61,Good,Debt Reduction,Moderate,Beginner
FH0741,2025-09-27 15:06:40.000000000,21,Mumbai,Salaried,6,53394,27661,25733,48.2,15319,422355,160434,5.8,8033,51976,695,99,Excellent,Travel,Conservative,Beginner
FH0742,2025-09-27 23:51:21.081081080,25,Chennai,Business Owner,3,156900,83508,73392,46.8,26832,566602,267226,3.2,0,0,711,89,Excellent,Travel,Aggressive,Beginner
FH0743,2025-09-28 08:36:02.162162164,32,Pune,Salaried,5,48822,24445,24377,49.9,17806,485444,83113,3.4,6783,78256,688,91,Excellent,Retirement,Moderate,Beginner
FH0744,2025-09-28 17:20:43.243243244,46,Kolkata,Salaried,3,36707,15533,21174,57.7,2859,38506,73005,4.7,2817,95503,785,100,Excellent,Wealth Building,Aggressive,Beginner
FH0745,2025-09-29 02:05:24.324324324,54,Hyderabad,Salaried,6,99134,68801,30333,30.6,29669,466787,309604,4.5,24458,366630,628,79,Good,Retirement,Conservative,Intermediate
FH0746,2025-09-29 10:50:05.405405408,34,Pune,Salaried,4,96935,85884,11051,11.4,0,0,403655,4.7,14341,346762,638,66,Good,Wealth Building,Conservative,Intermediate
FH0747,2025-09-29 19:34:46.486486488,46,Chennai,Self-Employed,2,60626,31919,28707,47.4,18675,126472,15960,0.5,4740,67792,770,84,Excellent,Travel,Conservative,Beginner
FH0748,2025-09-30 04:19:27.567567568,47,Delhi,Salaried,6,56526,27400,29126,51.5,4503,73090,134260,4.9,9025,262053,792,100,Excellent,Debt Reduction,Moderate,Intermediate
FH0749,2025-09-30 13:04:08.648648648,29,Delhi,Self-Employed,1,58038,27606,30432,52.4,14858,447213,0,0.0,7333,79741,698,86,Excellent,Wealth Building,Conservative,Intermediate
FH0750,2025-09-30 21:48:49.729729732,46,Hyderabad,Business Owner,5,123322,59791,63531,51.5,48892,1609474,316892,5.3,0,0,733,96,Excellent,Retirement,Moderate,Intermediate
FH0751,2025-10-01 06:33:30.810810812,42,Bengaluru,Self-Employed,4,146679,118952,27727,18.9,47957,1033308,713712,6.0,26463,215608,640,71,Good,Emergency Fund,Moderate,Intermediate
FH0752,2025-10-01 15:18:11.891891892,50,Lucknow,Salaried,1,83129,39853,43276,52.1,31520,619842,43838,1.1,7616,350937,704,86,Excellent,Travel,Moderate,Intermediate
FH0753,2025-10-02 00:02:52.972972972,37,Mumbai,Salaried,1,93400,46519,46881,50.2,34157,236528,209336,4.5,20496,245461,680,97,Excellent,Home Purchase,Moderate,Advanced
FH0754,2025-10-02 08:47:34.054054056,46,Bengaluru,Freelancer,5,79938,32483,47455,59.4,12138,392981,191650,5.9,8896,318086,742,100,Excellent,Home Purchase,Moderate,Intermediate
FH0755,2025-10-02 17:32:15.135135136,56,Delhi,Business Owner,4,109995,68319,41676,37.9,32755,209314,198125,2.9,24281,214957,688,83,Excellent,Debt Reduction,Moderate,Beginner
FH0756,2025-10-03 02:16:56.216216216,21,Delhi,Self-Employed,1,116886,66694,50192,42.9,0,0,340139,5.1,17503,184529,719,99,Excellent,Emergency Fund,Moderate,Intermediate
FH0757,2025-10-03 11:01:37.297297300,28,Jaipur,Salaried,1,84365,35500,48865,57.9,11026,227979,0,0.0,15877,434598,809,100,Excellent,Retirement,Moderate,Beginner
FH0758,2025-10-03 19:46:18.378378380,55,Pune,Salaried,4,107576,48947,58629,54.5,43143,701420,293682,6.0,9206,234979,760,100,Excellent,Wealth Building,Aggressive,Beginner
FH0759,2025-10-04 04:30:59.459459460,35,Chennai,Business Owner,3,93657,74421,19236,20.5,15917,536826,290242,3.9,13553,622982,649,69,Good,Travel,Conservative,Intermediate
FH0760,2025-10-04 13:15:40.540540540,42,Mumbai,Freelancer,1,32655,19089,13566,41.5,0,0,62994,3.3,0,0,784,91,Excellent,Home Purchase,Aggressive,Intermediate
FH0761,2025-10-04 22:00:21.621621624,34,Hyderabad,Self-Employed,2,115338,68538,46800,40.6,55568,1302667,397520,5.8,12815,496499,641,85,Excellent,Home Purchase,Conservative,Beginner
FH0762,2025-10-05 06:45:02.702702704,46,Chennai,Business Owner,4,124325,73947,50378,40.5,36439,818711,539813,7.3,1999,62545,664,91,Excellent,Home Purchase,Conservative,Advanced
FH0763,2025-10-05 15:29:43.783783784,48,Jaipur,Business Owner,1,99173,76884,22289,22.5,31674,398447,369043,4.8,3966,99580,669,68,Good,Home Purchase,Conservative,Beginner
FH0764,2025-10-06 00:14:24.864864864,43,Delhi,Salaried,5,59760,25916,33844,56.6,5530,104332,181412,7.0,3445,72205,828,100,Excellent,Education,Conservative,Beginner
FH0765,2025-10-06 08:59:05.945945948,34,Hyderabad,Salaried,6,158940,83365,75575,47.5,40836,1044092,58355,0.7,26421,1209492,785,89,Excellent,Debt Reduction,Moderate,Advanced
FH0766,2025-10-06 17:43:47.027027028,44,Delhi,Salaried,2,51916,28883,23033,44.4,13160,366031,147303,5.1,5694,178348,719,94,Excellent,Retirement,Aggressive,Intermediate
FH0767,2025-10-07 02:28:28.108108108,22,Mumbai,Salaried,6,48218,16348,31870,66.1,5459,32871,57218,3.5,5892,178652,828,100,Excellent,Travel,Moderate,Intermediate
FH0768,2025-10-07 11:13:09.189189188,46,Pune,Freelancer,6,61818,27926,33892,54.8,12235,417282,61437,2.2,6663,104875,760,98,Excellent,Travel,Aggressive,Intermediate
FH0769,2025-10-07 19:57:50.270270272,34,Chennai,Salaried,1,98254,71385,26869,27.3,2450,26793,0,0.0,19223,153040,747,72,Good,Travel,Conservative,Advanced
FH0770,2025-10-08 04:42:31.351351352,27,Chennai,Salaried,2,144290,99045,45245,31.4,25240,328307,495225,5.0,17356,793133,698,83,Excellent,Retirement,Conservative,Beginner
FH0771,2025-10-08 13:27:12.432432432,23,Bengaluru,Salaried,2,81815,58186,23629,28.9,28357,394281,325842,5.6,11243,215606,672,79,Good,Debt Reduction,Moderate,Beginner
FH0772,2025-10-08 22:11:53.513513516,43,Hyderabad,Salaried,3,41668,20731,20937,50.2,5121,36536,134752,6.5,3337,82053,709,100,Excellent,Emergency Fund,Moderate,Intermediate
FH0773,2025-10-09 06:56:34.594594596,38,Lucknow,Salaried,6,129566,66701,62865,48.5,60630,587600,413546,6.2,25973,280895,673,98,Excellent,Wealth Building,Conservative,Intermediate
FH0774,2025-10-09 15:41:15.675675676,58,Jaipur,Salaried,2,64559,21283,43276,67.0,2150,76520,48951,2.3,13280,546483,843,100,Excellent,Wealth Building,Aggressive,Intermediate
FH0775,2025-10-10 00:25:56.756756756,55,Lucknow,Self-Employed,3,59670,42394,17276,29.0,11109,171706,271322,6.4,7006,50167,699,85,Excellent,Debt Reduction,Moderate,Beginner
FH0776,2025-10-10 09:10:37.837837840,35,Bengaluru,Salaried,4,44549,32678,11871,26.6,5999,56745,215675,6.6,3524,144581,707,84,Excellent,Home Purchase,Aggressive,Beginner
FH0777,2025-10-10 17:55:18.918918920,45,Mumbai,Self-Employed,3,107205,78447,28758,26.8,21074,194086,258875,3.3,738,8776,669,69,Good,Wealth Building,Moderate,Intermediate
FH0778,2025-10-11 02:40:00.000000000,57,Jaipur,Salaried,5,70667,56857,13810,19.5,28146,776374,221742,3.9,4183,180855,584,57,Fair,Home Purchase,Moderate,Beginner
FH0779,2025-10-11 11:24:41.081081080,48,Pune,Salaried,1,73344,46874,26470,36.1,6749,213519,89061,1.9,0,0,710,77,Good,Debt Reduction,Moderate,Beginner
FH0780,2025-10-11 20:09:22.162162164,30,Lucknow,Salaried,4,101968,81367,20601,20.2,16451,225520,553296,6.8,5736,74087,653,75,Good,Debt Reduction,Moderate,Beginner
FH0781,2025-10-12 04:54:03.243243244,59,Pune,Self-Employed,4,60417,33346,27071,44.8,18432,122154,26677,0.8,8760,260736,708,81,Excellent,Retirement,Conservative,Beginner
FH0782,2025-10-12 13:38:44.324324324,37,Lucknow,Self-Employed,5,129048,42924,86124,66.7,29953,380184,210328,4.9,15030,287547,744,100,Excellent,Retirement,Aggressive,Intermediate
FH0783,2025-10-12 22:23:25.405405408,59,Pune,Salaried,3,54200,37967,16233,30.0,13158,101257,98714,2.6,15318,206575,657,76,Good,Education,Aggressive,Intermediate
FH0784,2025-10-13 07:08:06.486486488,42,Lucknow,Salaried,1,138627,45394,93233,67.3,13102,119252,72630,1.6,13035,548586,802,100,Excellent,Travel,Conservative,Beginner
FH0785,2025-10-13 15:52:47.567567568,46,Pune,Self-Employed,3,98651,59568,39083,39.6,20785,393777,5957,0.1,8737,200496,622,70,Good,Education,Conservative,Beginner
FH0786,2025-10-14 00:37:28.648648648,45,Bengaluru,Salaried,2,47101,33618,13483,28.6,17291,223012,114301,3.4,9156,208197,669,73,Good,Travel,Moderate,Intermediate
FH0787,2025-10-14 09:22:09.729729732,37,Kolkata,Salaried,3,31992,20008,11984,37.5,344,7389,26010,1.3,0,0,736,79,Good,Home Purchase,Moderate,Beginner
FH0788,2025-10-14 18:06:50.810810812,33,Jaipur,Business Owner,4,146000,131247,14753,10.1,18885,256927,511863,3.9,2376,52483,636,55,Fair,Education,Moderate,Intermediate
FH0789,2025-10-15 02:51:31.891891892,40,Hyderabad,Self-Employed,1,70180,21389,48791,69.5,0,0,156140,7.3,11683,497788,810,100,Excellent,Education,Conservative,Intermediate
FH0790,2025-10-15 11:36:12.972972972,45,Mumbai,Salaried,3,61556,34988,26568,43.2,17839,591868,146950,4.2,6545,139090,718,90,Excellent,Emergency Fund,Moderate,Advanced
FH0791,2025-10-15 20:20:54.054054056,24,Ahmedabad,Freelancer,1,78454,45695,32759,41.8,29758,684558,356421,7.8,8467,389206,648,94,Excellent,Debt Reduction,Moderate,Intermediate
FH0792,2025-10-16 05:05:35.135135136,30,Delhi,Business Owner,1,156667,61386,95281,60.8,30731,511140,110495,1.8,8523,389884,743,100,Excellent,Retirement,Conservative,Beginner
FH0793,2025-10-16 13:50:16.216216216,23,Hyderabad,Salaried,2,99752,41744,58008,58.2,8906,155271,50093,1.2,13644,164898,801,100,Excellent,Education,Moderate,Intermediate
FH0794,2025-10-16 22:34:57.297297300,38,Delhi,Self-Employed,2,53029,24483,28546,53.8,4936,90603,41621,1.7,3364,45236,777,97,Excellent,Retirement,Conservative,Beginner
FH0795,2025-10-17 07:19:38.378378380,56,Jaipur,Self-Employed,4,131774,56142,75632,57.4,23902,665130,207725,3.7,16484,696157,715,100,Excellent,Travel,Conservative,Beginner
FH0796,2025-10-17 16:04:19.459459460,42,Hyderabad,Salaried,5,53076,29982,23094,43.5,9601,187692,275834,9.2,2065,46454,773,100,Excellent,Education,Moderate,Beginner
FH0797,2025-10-18 00:49:00.540540540,54,Pune,Salaried,1,29509,14624,14885,50.4,9990,316702,7312,0.5,3164,19565,684,83,Excellent,Travel,Aggressive,Intermediate
FH0798,2025-10-18 09:33:41.621621624,28,Pune,Salaried,5,43032,26874,16158,37.5,5725,196498,134370,5.0,11263,197132,704,94,Excellent,Education,Conservative,Beginner
FH0799,2025-10-18 18:18:22.702702704,60,Ahmedabad,Self-Employed,4,86344,57930,28414,32.9,23879,383936,139032,2.4,7793,242366,730,75,Good,Wealth Building,Moderate,Beginner
FH0800,2025-10-19 03:03:03.783783784,39,Delhi,Salaried,1,46146,30523,15623,33.9,8320,189869,103778,3.4,5112,202278,617,76,Good,Home Purchase,Conservative,Intermediate
FH0801,2025-10-19 11:47:44.864864864,57,Mumbai,Business Owner,1,106662,55740,50922,47.7,13139,116302,72462,1.3,11287,130955,681,87,Excellent,Emergency Fund,Conservative,Advanced
FH0802,2025-10-19 20:32:25.945945948,26,Jaipur,Self-Employed,6,90054,55818,34236,38.0,15944,191552,312581,5.6,11907,126723,718,92,Excellent,Travel,Moderate,Beginner
FH0803,2025-10-20 05:17:07.027027028,46,Pune,Salaried,5,61002,44221,16781,27.5,16089,296102,163618,3.7,9319,416819,568,69,Good,Debt Reduction,Moderate,Intermediate
FH0804,2025-10-20 14:01:48.108108108,54,Kolkata,Self-Employed,3,67289,43225,24064,35.8,22807,277928,259350,6.0,9286,348673,595,82,Excellent,Debt Reduction,Conservative,Beginner
FH0805,2025-10-20 22:46:29.189189188,26,Bengaluru,Salaried,2,41957,35255,6702,16.0,7856,253724,148071,4.2,5855,180163,675,66,Good,Home Purchase,Aggressive,Advanced
FH0806,2025-10-21 07:31:10.270270272,57,Bengaluru,Self-Employed,3,80617,57843,22774,28.2,5118,55011,0,0.0,8654,331499,679,66,Good,Home Purchase,Conservative,Beginner
FH0807,2025-10-21 16:15:51.351351352,53,Lucknow,Self-Employed,5,38834,31866,6968,17.9,13590,267313,191196,6.0,4933,118451,688,70,Good,Wealth Building,Aggressive,Advanced
FH0808,2025-10-22 01:00:32.432432432,42,Mumbai,Salaried,2,51126,12782,38344,75.0,5278,127574,0,0.0,5369,203244,790,100,Excellent,Debt Reduction,Aggressive,Beginner
FH0809,2025-10-22 09:45:13.513513516,41,Bengaluru,Salaried,3,46977,27882,19095,40.6,11928,319145,2788,0.1,0,0,685,71,Good,Travel,Moderate,Intermediate
FH0810,2025-10-22 18:29:54.594594596,26,Lucknow,Salaried,6,59776,31959,27817,46.5,12958,226662,63918,2.0,18180,295461,739,95,Excellent,Debt Reduction,Conservative,Beginner
FH0811,2025-10-23 03:14:35.675675676,26,Delhi,Salaried,2,60324,33932,26392,43.8,12028,385774,67864,2.0,10314,377684,732,88,Excellent,Emergency Fund,Moderate,Beginner
FH0812,2025-10-23 11:59:16.756756756,24,Pune,Salaried,1,90956,42504,48452,53.3,14252,328503,280526,6.6,4679,110547,743,100,Excellent,Education,Moderate,Beginner
FH0813,2025-10-23 20:43:57.837837840,50,Pune,Salaried,3,113138,71896,41242,36.5,34011,652509,251636,3.5,15399,727107,653,79,Good,Emergency Fund,Aggressive,Beginner
FH0814,2025-10-24 05:28:38.918918920,31,Kolkata,Freelancer,2,40574,13261,27313,67.3,0,0,83544,6.3,1046,21630,830,100,Excellent,Wealth Building,Moderate,Intermediate
FH0815,2025-10-24 14:13:20.000000000,50,Hyderabad,Salaried,6,130566,83103,47463,36.4,48014,957432,224378,2.7,11151,498590,711,77,Good,Wealth Building,Moderate,Intermediate
FH0816,2025-10-24 22:58:01.081081080,51,Bengaluru,Salaried,2,49483,23354,26129,52.8,5016,153600,102758,4.4,805,36373,787,100,Excellent,Debt Reduction,Moderate,Intermediate
FH0817,2025-10-25 07:42:42.162162164,44,Delhi,Self-Employed,2,84980,43335,41645,49.0,23202,566969,203674,4.7,9893,159849,696,96,Excellent,Education,Aggressive,Advanced
FH0818,2025-10-25 16:27:23.243243244,29,Chennai,Salaried,6,77726,49853,27873,35.9,20687,640570,259236,5.2,723,28577,645,80,Excellent,Debt Reduction,Moderate,Intermediate
FH0819,2025-10-26 01:12:04.324324324,23,Bengaluru,Freelancer,3,141168,83434,57734,40.9,54455,1133772,241959,2.9,20778,502602,649,80,Excellent,Emergency Fund,Aggressive,Advanced
FH0820,2025-10-26 09:56:45.405405408,51,Mumbai,Self-Employed,4,66170,48142,18028,27.2,16258,155327,144426,3.0,11100,494350,613,69,Good,Emergency Fund,Moderate,Beginner
FH0821,2025-10-26 18:41:26.486486488,60,Hyderabad,Business Owner,3,58652,26057,32595,55.6,6582,42185,83382,3.2,3643,90730,772,100,Excellent,Travel,Moderate,Advanced
FH0822,2025-10-27 03:26:07.567567568,57,Bengaluru,Salaried,5,109510,62278,47232,43.1,1246,18810,31139,0.5,14375,535623,776,88,Excellent,Travel,Moderate,Beginner
FH0823,2025-10-27 12:10:48.648648648,56,Delhi,Salaried,6,48555,34204,14351,29.6,8480,228449,123134,3.6,2836,72637,675,74,Good,Emergency Fund,Moderate,Intermediate
FH0824,2025-10-27 20:55:29.729729732,44,Bengaluru,Salaried,3,57273,36115,21158,36.9,0,0,108345,3.0,8924,138926,791,91,Excellent,Education,Conservative,Intermediate
FH0825,2025-10-28 05:40:10.810810812,51,Mumbai,Business Owner,2,74386,47576,26810,36.0,10287,152994,237880,5.0,5341,76765,765,90,Excellent,Wealth Building,Moderate,Intermediate
FH0826,2025-10-28 14:24:51.891891892,26,Chennai,Salaried,6,57331,42146,15185,26.5,10432,217712,168584,4.0,10046,239779,678,76,Good,Travel,Moderate,Intermediate
FH0827,2025-10-28 23:09:32.972972972,22,Jaipur,Salaried,1,48436,25338,23098,47.7,6312,117615,164697,6.5,0,0,764,100,Excellent,Travel,Conservative,Beginner
FH0828,2025-10-29 07:54:14.054054056,40,Ahmedabad,Freelancer,3,76028,37531,38497,50.6,17139,313913,146371,3.9,3775,118584,700,94,Excellent,Retirement,Conservative,Advanced
FH0829,2025-10-29 16:38:55.135135136,48,Chennai,Salaried,6,66864,44172,22692,33.9,12658,163800,119264,2.7,2834,98970,675,75,Good,Retirement,Moderate,Advanced
FH0830,2025-10-30 01:23:36.216216216,31,Lucknow,Salaried,3,51214,28633,22581,44.1,9085,91678,111669,3.9,6875,122772,765,95,Excellent,Travel,Moderate,Advanced
FH0831,2025-10-30 10:08:17.297297300,24,Bengaluru,Salaried,6,92106,67892,24214,26.3,0,0,353038,5.2,14632,383655,679,83,Excellent,Debt Reduction,Conservative,Advanced
FH0832,2025-10-30 18:52:58.378378380,35,Pune,Freelancer,2,65601,41445,24156,36.8,3391,25975,12434,0.3,9161,72048,773,81,Excellent,Education,Moderate,Intermediate
FH0833,2025-10-31 03:37:39.459459460,26,Kolkata,Salaried,1,34065,16785,17280,50.7,10340,123500,40284,2.4,2874,115927,756,92,Excellent,Home Purchase,Aggressive,Advanced
FH0834,2025-10-31 12:22:20.540540540,50,Pune,Business Owner,1,151772,95218,56554,37.3,49258,309145,228523,2.4,0,0,700,74,Good,Travel,Moderate,Advanced
FH0835,2025-10-31 21:07:01.621621624,58,Chennai,Business Owner,5,117353,53234,64119,54.6,0,0,244876,4.6,14400,332480,743,100,Excellent,Retirement,Conservative,Intermediate
FH0836,2025-11-01 05:51:42.702702704,22,Pune,Salaried,6,105757,75359,30398,28.7,12065,186902,369259,4.9,18525,119680,675,82,Excellent,Education,Aggressive,Intermediate
FH0837,2025-11-01 14:36:23.783783784,35,Delhi,Self-Employed,3,83546,32115,51431,61.6,30023,1056640,128460,4.0,25702,337500,763,100,Excellent,Education,Aggressive,Advanced
FH0838,2025-11-01 23:21:04.864864864,31,Pune,Salaried,1,49269,37005,12264,24.9,6240,73704,0,0.0,4449,148624,637,59,Fair,Retirement,Conservative,Intermediate
FH0839,2025-11-02 08:05:45.945945948,28,Hyderabad,Salaried,1,60515,37817,22698,37.5,12436,203638,18908,0.5,4443,140876,689,73,Good,Education,Conservative,Intermediate
FH0840,2025-11-02 16:50:27.027027028,46,Jaipur,Business Owner,4,145744,81174,64570,44.3,59381,993755,267874,3.3,20757,811398,706,86,Excellent,Education,Moderate,Beginner
FH0841,2025-11-03 01:35:08.108108108,25,Bengaluru,Freelancer,4,45814,31468,14346,31.3,7926,49566,88110,2.8,4676,77917,663,74,Good,Retirement,Moderate,Intermediate
FH0842,2025-11-03 10:19:49.189189188,26,Pune,Self-Employed,1,68575,44682,23893,34.8,10587,330063,169792,3.8,14351,546379,667,84,Excellent,Emergency Fund,Conservative,Advanced
FH0843,2025-11-03 19:04:30.270270272,46,Mumbai,Salaried,6,60147,46088,14059,23.4,12004,83546,133655,2.9,3815,133126,591,62,Good,Travel,Moderate,Beginner
FH0844,2025-11-04 03:49:11.351351352,24,Jaipur,Salaried,5,43472,33254,10218,23.5,20038,685408,229453,6.9,4459,87210,594,70,Good,Debt Reduction,Moderate,Beginner
FH0845,2025-11-04 12:33:52.432432432,39,Jaipur,Salaried,1,49883,31392,18491,37.1,13868,454347,0,0.0,9046,261524,708,74,Good,Home Purchase,Aggressive,Beginner
FH0846,2025-11-04 21:18:33.513513516,40,Pune,Salaried,2,69046,31620,37426,54.2,15361,338951,139128,4.4,9776,119125,712,100,Excellent,Debt Reduction,Moderate,Intermediate
FH0847,2025-11-05 06:03:14.594594596,53,Jaipur,Salaried,3,99013,49921,49092,49.6,15033,335354,274566,5.5,19930,498404,742,100,Excellent,Emergency Fund,Moderate,Beginner
FH0848,2025-11-05 14:47:55.675675676,40,Kolkata,Salaried,5,72631,41397,31234,43.0,21066,539571,215264,5.2,6496,279395,689,91,Excellent,Wealth Building,Aggressive,Intermediate
FH0849,2025-11-05 23:32:36.756756756,32,Pune,Salaried,2,63965,46787,17178,26.9,19558,344446,252650,5.4,13332,315836,622,77,Good,Emergency Fund,Conservative,Advanced
FH0850,2025-11-06 08:17:17.837837840,21,Delhi,Salaried,5,48591,25078,23513,48.4,3911,99405,142945,5.7,172,7097,780,100,Excellent,Education,Conservative,Intermediate
FH0851,2025-11-06 17:01:58.918918920,46,Chennai,Salaried,2,95363,50331,45032,47.2,29492,216561,130861,2.6,604,18598,763,87,Excellent,Debt Reduction,Moderate,Beginner
FH0852,2025-11-07 01:46:40.000000000,34,Hyderabad,Salaried,3,75650,63453,12197,16.1,15156,115510,101525,1.6,15851,222846,667,60,Good,Emergency Fund,Conservative,Advanced
FH0853,2025-11-07 10:31:21.081081080,58,Ahmedabad,Business Owner,3,85895,48565,37330,43.5,19174,378052,0,0.0,10352,314768,686,78,Good,Debt Reduction,Moderate,Intermediate
FH0854,2025-11-07 19:16:02.162162164,57,Lucknow,Salaried,4,89025,43724,45301,50.9,9351,210292,135544,3.1,16421,447494,824,100,Excellent,Emergency Fund,Conservative,Beginner
FH0855,2025-11-08 04:00:43.243243244,31,Jaipur,Freelancer,6,72981,50264,22717,31.1,12261,400132,110581,2.2,9266,210736,718,76,Good,Home Purchase,Conservative,Intermediate
FH0856,2025-11-08 12:45:24.324324324,56,Delhi,Freelancer,2,45133,25822,19311,42.8,3885,35508,157514,6.1,5394,59466,717,100,Excellent,Emergency Fund,Aggressive,Intermediate
FH0857,2025-11-08 21:30:05.405405408,33,Bengaluru,Salaried,4,62734,24181,38553,61.5,5008,153643,77379,3.2,1696,39859,763,100,Excellent,Debt Reduction,Moderate,Intermediate
FH0858,2025-11-09 06:14:46.486486488,23,Bengaluru,Business Owner,2,92574,67184,25390,27.4,24904,306355,114213,1.7,10935,99028,693,68,Good,Education,Moderate,Advanced
FH0859,2025-11-09 14:59:27.567567568,53,Lucknow,Self-Employed,4,201092,95602,105490,52.5,34957,623021,133843,1.4,43298,439401,752,97,Excellent,Debt Reduction,Conservative,Beginner
FH0860,2025-11-09 23:44:08.648648648,26,Hyderabad,Self-Employed,3,96364,56479,39885,41.4,4919,76235,440536,7.8,11946,280355,705,100,Excellent,Retirement,Conservative,Beginner
FH0861,2025-11-10 08:28:49.729729732,30,Jaipur,Salaried,5,69391,39585,29806,43.0,34905,628453,150423,3.8,11640,219135,653,83,Excellent,Debt Reduction,Moderate,Beginner
FH0862,2025-11-10 17:13:30.810810812,25,Kolkata,Salaried,4,76694,46953,29741,38.8,5660,59514,103297,2.2,12716,570603,709,85,Excellent,Home Purchase,Moderate,Intermediate
FH0863,2025-11-11 01:58:11.891891892,43,Lucknow,Salaried,2,105330,28781,76549,72.7,38127,804750,115124,4.0,5173,112666,744,100,Excellent,Travel,Moderate,Intermediate
FH0864,2025-11-11 10:42:52.972972972,30,Hyderabad,Salaried,2,63131,33654,29477,46.7,1771,53217,255770,7.6,11364,429901,791,100,Excellent,Home Purchase,Conservative,Intermediate
FH0865,2025-11-11 19:27:34.054054056,22,Jaipur,Self-Employed,6,65076,47992,17084,26.3,18179,349873,143976,3.0,6380,180365,676,69,Good,Home Purchase,Moderate,Beginner
FH0866,2025-11-12 04:12:15.135135136,33,Delhi,Self-Employed,3,107504,81398,26106,24.3,20149,417455,423270,5.2,10947,389402,689,76,Good,Emergency Fund,Moderate,Advanced
FH0867,2025-11-12 12:56:56.216216216,60,Chennai,Salaried,2,61139,26976,34163,55.9,8451,265894,167251,6.2,16314,276112,792,100,Excellent,Home Purchase,Moderate,Advanced
FH0868,2025-11-12 21:41:37.297297300,22,Kolkata,Self-Employed,1,55013,38998,16015,29.1,13510,367225,0,0.0,8902,405575,631,63,Good,Debt Reduction,Moderate,Beginner
FH0869,2025-11-13 06:26:18.378378380,40,Ahmedabad,Salaried,5,41752,19765,21987,52.7,9523,197256,49412,2.5,3144,88861,716,93,Excellent,Travel,Moderate,Intermediate
FH0870,2025-11-13 15:10:59.459459460,21,Bengaluru,Salaried,4,111012,58566,52446,47.2,12697,174341,345539,5.9,13823,565576,792,100,Excellent,Wealth Building,Moderate,Intermediate
FH0871,2025-11-13 23:55:40.540540540,57,Mumbai,Business Owner,6,115187,61616,53571,46.5,12497,406750,147878,2.4,14118,301164,744,93,Excellent,Education,Moderate,Beginner
FH0872,2025-11-14 08:40:21.621621624,29,Delhi,Salaried,5,52881,31476,21405,40.5,814,18975,144790,4.6,12587,128499,687,96,Excellent,Wealth Building,Moderate,Beginner
FH0873,2025-11-14 17:25:02.702702704,37,Bengaluru,Salaried,3,59882,43126,16756,28.0,15553,196503,99190,2.3,7351,252109,665,69,Good,Home Purchase,Conservative,Beginner
FH0874,2025-11-15 02:09:43.783783784,29,Pune,Salaried,6,86228,53206,33022,38.3,4915,69172,154297,2.9,23675,149766,748,93,Excellent,Debt Reduction,Conservative,Beginner
FH0875,2025-11-15 10:54:24.864864864,31,Mumbai,Salaried,4,58656,32985,25671,43.8,12935,389266,89060,2.7,1714,44499,730,85,Excellent,Emergency Fund,Aggressive,Intermediate
FH0876,2025-11-15 19:39:05.945945948,35,Bengaluru,Freelancer,4,36127,25846,10281,28.5,10731,78598,131815,5.1,4253,59957,619,74,Good,Emergency Fund,Conservative,Beginner
FH0877,2025-11-16 04:23:47.027027028,44,Hyderabad,Self-Employed,1,89664,41929,47735,53.2,22151,792181,176102,4.2,5972,193193,801,100,Excellent,Education,Conservative,Beginner
FH0878,2025-11-16 13:08:28.108108108,58,Kolkata,Freelancer,3,91585,52129,39456,43.1,11539,114358,208516,4.0,7818,368506,674,90,Excellent,Education,Moderate,Intermediate
FH0879,2025-11-16 21:53:09.189189192,55,Bengaluru,Self-Employed,6,119288,85817,33471,28.1,40337,1205352,755190,8.8,10364,264333,647,85,Excellent,Debt Reduction,Moderate,Beginner
FH0880,2025-11-17 06:37:50.270270272,50,Ahmedabad,Salaried,6,53443,34957,18486,34.6,8923,159215,255186,7.3,3752,151337,755,95,Excellent,Education,Moderate,Intermediate
FH0881,2025-11-17 15:22:31.351351352,51,Chennai,Salaried,2,101352,52168,49184,48.5,4719,97997,0,0.0,24437,667788,778,94,Excellent,Education,Moderate,Intermediate
FH0882,2025-11-18 00:07:12.432432432,25,Hyderabad,Self-Employed,1,86190,31734,54456,63.2,15783,511677,92029,2.9,18926,507695,806,100,Excellent,Emergency Fund,Aggressive,Intermediate
FH0883,2025-11-18 08:51:53.513513516,34,Delhi,Salaried,1,100363,62578,37785,37.6,29736,546766,544429,8.7,14872,670397,643,96,Excellent,Debt Reduction,Moderate,Advanced
FH0884,2025-11-18 17:36:34.594594596,31,Delhi,Freelancer,6,73342,26329,47013,64.1,9705,214721,71088,2.7,6366,276148,801,100,Excellent,Travel,Moderate,Beginner
FH0885,2025-11-19 02:21:15.675675676,29,Delhi,Business Owner,6,64581,35536,29045,45.0,21581,161404,284288,8.0,4661,181796,694,100,Excellent,Education,Conservative,Intermediate
FH0886,2025-11-19 11:05:56.756756756,54,Delhi,Salaried,5,119791,89251,30540,25.5,14358,87159,258828,2.9,20595,379828,635,71,Good,Debt Reduction,Conservative,Beginner
FH0887,2025-11-19 19:50:37.837837840,32,Chennai,Freelancer,5,61097,40541,20556,33.6,8404,112143,133785,3.3,8615,248890,726,83,Excellent,Home Purchase,Moderate,Advanced
FH0888,2025-11-20 04:35:18.918918920,55,Bengaluru,Business Owner,5,134607,39936,94671,70.3,11308,298729,219648,5.5,14788,227790,787,100,Excellent,Emergency Fund,Conservative,Intermediate
FH0889,2025-11-20 13:20:00.000000000,55,Jaipur,Self-Employed,1,49979,30390,19589,39.2,15438,148791,109404,3.6,7891,194470,657,82,Excellent,Travel,Conservative,Beginner
FH0890,2025-11-20 22:04:41.081081080,21,Bengaluru,Salaried,2,77575,41527,36048,46.5,16530,155595,199330,4.8,14148,372615,736,99,Excellent,Emergency Fund,Conservative,Intermediate
FH0891,2025-11-21 06:49:22.162162164,60,Pune,Salaried,4,95623,38410,57213,59.8,8858,162357,265029,6.9,10444,427461,778,100,Excellent,Emergency Fund,Moderate,Beginner
FH0892,2025-11-21 15:34:03.243243244,42,Kolkata,Salaried,5,127964,80221,47743,37.3,21561,548406,425171,5.3,8303,362286,707,88,Excellent,Retirement,Moderate,Advanced
FH0893,2025-11-22 00:18:44.324324324,49,Mumbai,Salaried,2,106115,54241,51874,48.9,0,0,222388,4.1,2920,68369,760,100,Excellent,Debt Reduction,Moderate,Beginner
FH0894,2025-11-22 09:03:25.405405408,28,Jaipur,Salaried,3,78915,40406,38509,48.8,25342,287721,286883,7.1,10854,73195,758,100,Excellent,Home Purchase,Conservative,Intermediate
FH0895,2025-11-22 17:48:06.486486488,31,Jaipur,Business Owner,5,64068,38272,25796,40.3,12673,106297,214323,5.6,17408,734522,673,96,Excellent,Education,Moderate,Beginner
FH0896,2025-11-23 02:32:47.567567568,57,Bengaluru,Salaried,4,68080,33521,34559,50.8,0,0,77098,2.3,2877,38321,756,97,Excellent,Home Purchase,Conservative,Intermediate
FH0897,2025-11-23 11:17:28.648648648,34,Jaipur,Self-Employed,3,65017,38581,26436,40.7,1992,27529,300932,7.8,12806,411316,753,100,Excellent,Debt Reduction,Moderate,Advanced
FH0898,2025-11-23 20:02:09.729729732,50,Lucknow,Freelancer,3,65143,32372,32771,50.3,10761,340052,165097,5.1,4737,33390,707,100,Excellent,Emergency Fund,Moderate,Advanced
FH0899,2025-11-24 04:46:50.810810812,55,Lucknow,Freelancer,4,39198,19780,19418,49.5,1927,61480,67252,3.4,3403,77518,724,98,Excellent,Retirement,Moderate,Beginner
FH0900,2025-11-24 13:31:31.891891892,41,Pune,Salaried,5,60390,43421,16969,28.1,19514,569334,0,0.0,11114,526918,651,62,Good,Debt Reduction,Aggressive,Intermediate
FH0901,2025-11-24 22:16:12.972972972,57,Mumbai,Freelancer,1,50065,36710,13355,26.7,13739,152022,36710,1.0,5113,52302,681,64,Good,Travel,Moderate,Beginner
FH0902,2025-11-25 07:00:54.054054056,25,Ahmedabad,Salaried,4,53653,18284,35369,65.9,14311,438690,131645,7.2,7371,175394,805,100,Excellent,Travel,Moderate,Intermediate
FH0903,2025-11-25 15:45:35.135135136,39,Chennai,Salaried,4,53839,36858,16981,31.5,0,0,269063,7.3,7324,138426,718,95,Excellent,Debt Reduction,Aggressive,Beginner
FH0904,2025-11-26 00:30:16.216216216,34,Bengaluru,Self-Employed,4,76285,59182,17103,22.4,11572,276590,236728,4.0,5555,244496,636,68,Good,Education,Moderate,Beginner
FH0905,2025-11-26 09:14:57.297297300,46,Chennai,Salaried,3,71848,57337,14511,20.2,9291,149734,17201,0.3,13124,557931,667,60,Good,Home Purchase,Moderate,Intermediate
FH0906,2025-11-26 17:59:38.378378380,24,Ahmedabad,Salaried,2,27110,17699,9411,34.7,2602,36103,28318,1.6,3136,50124,727,79,Good,Home Purchase,Moderate,Beginner
FH0907,2025-11-27 02:44:19.459459460,45,Bengaluru,Self-Employed,1,34823,15042,19781,56.8,5782,55835,9025,0.6,794,7471,770,94,Excellent,Education,Moderate,Intermediate
FH0908,2025-11-27 11:29:00.540540540,45,Bengaluru,Salaried,5,57734,38578,19156,33.2,4249,90473,19289,0.5,3321,107401,750,74,Good,Retirement,Moderate,Beginner
FH0909,2025-11-27 20:13:41.621621624,38,Mumbai,Salaried,5,60653,27798,32855,54.2,15041,354333,219604,7.9,0,0,702,100,Excellent,Emergency Fund,Conservative,Beginner
FH0910,2025-11-28 04:58:22.702702704,60,Chennai,Salaried,2,69448,36945,32503,46.8,22199,372503,291866,7.9,8587,293912,678,100,Excellent,Wealth Building,Moderate,Intermediate
FH0911,2025-11-28 13:43:03.783783784,28,Lucknow,Business Owner,4,85268,54028,31240,36.6,26301,532879,86445,1.6,18016,132400,713,79,Good,Wealth Building,Aggressive,Beginner
FH0912,2025-11-28 22:27:44.864864864,59,Delhi,Self-Employed,1,80265,37511,42754,53.3,16219,274189,142542,3.8,3748,43487,692,96,Excellent,Emergency Fund,Moderate,Beginner
FH0913,2025-11-29 07:12:25.945945948,60,Chennai,Salaried,5,67943,28502,39441,58.1,32606,822655,34202,1.2,10938,380945,689,91,Excellent,Travel,Conservative,Intermediate
FH0914,2025-11-29 15:57:07.027027028,34,Kolkata,Salaried,6,50264,32431,17833,35.5,18507,611430,123238,3.8,7547,112598,635,77,Good,Retirement,Moderate,Intermediate
FH0915,2025-11-30 00:41:48.108108108,52,Kolkata,Salaried,5,92675,77978,14697,15.9,19165,209236,553644,7.1,6243,262323,576,67,Good,Education,Moderate,Intermediate
FH0916,2025-11-30 09:26:29.189189192,58,Bengaluru,Salaried,4,69154,52146,17008,24.6,10878,189737,312876,6.0,15737,133148,659,82,Excellent,Wealth Building,Aggressive,Beginner
FH0917,2025-11-30 18:11:10.270270272,53,Delhi,Business Owner,6,133209,90450,42759,32.1,52477,536633,488430,5.4,13443,202320,672,79,Good,Debt Reduction,Moderate,Beginner
FH0918,2025-12-01 02:55:51.351351352,43,Hyderabad,Salaried,2,66585,47747,18838,28.3,23370,578368,162340,3.4,17360,832230,647,74,Good,Home Purchase,Moderate,Advanced
FH0919,2025-12-01 11:40:32.432432432,35,Ahmedabad,Salaried,1,135731,90842,44889,33.1,4974,138606,572305,6.3,747,18069,741,90,Excellent,Debt Reduction,Aggressive,Advanced
FH0920,2025-12-01 20:25:13.513513516,53,Pune,Self-Employed,2,98570,63379,35191,35.7,35599,1208849,323233,5.1,9971,354215,704,83,Excellent,Home Purchase,Conservative,Beginner
FH0921,2025-12-02 05:09:54.594594596,45,Delhi,Self-Employed,2,67439,47599,19840,29.4,13483,193699,218955,4.6,7383,100939,659,77,Good,Debt Reduction,Moderate,Intermediate
FH0922,2025-12-02 13:54:35.675675676,37,Pune,Self-Employed,1,106630,41418,65212,61.2,11525,397686,149105,3.6,12492,394928,850,100,Excellent,Education,Conservative,Beginner
FH0923,2025-12-02 22:39:16.756756756,53,Chennai,Salaried,1,36643,22276,14367,39.2,0,0,98014,4.4,6235,227555,726,95,Excellent,Education,Moderate,Beginner
FH0924,2025-12-03 07:23:57.837837840,22,Chennai,Salaried,5,67779,38544,29235,43.1,12542,302142,169594,4.4,23723,455672,709,99,Excellent,Retirement,Moderate,Beginner
FH0925,2025-12-03 16:08:38.918918920,34,Pune,Salaried,5,72682,42958,29724,40.9,15875,122459,115987,2.7,11037,450461,679,84,Excellent,Debt Reduction,Moderate,Intermediate
FH0926,2025-12-04 00:53:20.000000000,60,Ahmedabad,Salaried,1,68050,35074,32976,48.5,29013,952010,80670,2.3,8281,259556,708,86,Excellent,Debt Reduction,Moderate,Beginner
FH0927,2025-12-04 09:38:01.081081080,60,Delhi,Self-Employed,6,71179,46471,24708,34.7,24517,536782,83648,1.8,3080,68817,652,69,Good,Retirement,Moderate,Advanced
FH0928,2025-12-04 18:22:42.162162164,59,Hyderabad,Business Owner,3,77183,35928,41255,53.5,11132,290328,68263,1.9,0,0,752,94,Excellent,Retirement,Aggressive,Intermediate
FH0929,2025-12-05 03:07:23.243243244,26,Bengaluru,Self-Employed,5,60689,30664,30025,49.5,16423,508246,104258,3.4,12254,370364,713,96,Excellent,Education,Moderate,Beginner
FH0930,2025-12-05 11:52:04.324324324,26,Mumbai,Business Owner,3,114001,55685,58316,51.2,37325,392260,172624,3.1,9317,120678,707,92,Excellent,Education,Moderate,Intermediate
FH0931,2025-12-05 20:36:45.405405408,23,Chennai,Salaried,6,44021,30857,13164,29.9,10177,72844,80228,2.6,13307,304927,674,78,Good,Travel,Moderate,Beginner
FH0932,2025-12-06 05:21:26.486486488,27,Kolkata,Self-Employed,1,148649,85972,62677,42.2,21356,691218,206333,2.4,26872,548836,705,88,Excellent,Debt Reduction,Conservative,Intermediate
FH0933,2025-12-06 14:06:07.567567568,28,Ahmedabad,Salaried,6,25792,13295,12497,48.5,3890,60093,58498,4.4,3712,84774,724,99,Excellent,Education,Moderate,Beginner
FH0934,2025-12-06 22:50:48.648648648,35,Mumbai,Salaried,5,58043,30630,27413,47.2,15678,154732,202158,6.6,8567,325260,751,100,Excellent,Wealth Building,Aggressive,Beginner
FH0935,2025-12-07 07:35:29.729729732,49,Hyderabad,Salaried,2,67561,39222,28339,41.9,18491,370816,149044,3.8,10018,263139,686,87,Excellent,Education,Conservative,Beginner
FH0936,2025-12-07 16:20:10.810810812,53,Jaipur,Salaried,1,77632,62657,14975,19.3,14122,338210,225565,3.6,5541,252078,659,65,Good,Debt Reduction,Aggressive,Beginner
FH0937,2025-12-08 01:04:51.891891892,50,Bengaluru,Salaried,4,47173,19194,27979,59.3,0,0,36469,1.9,0,0,767,100,Excellent,Retirement,Moderate,Beginner
FH0938,2025-12-08 09:49:32.972972972,59,Chennai,Freelancer,3,89242,60200,29042,32.5,4661,66405,204680,3.4,7269,170527,693,80,Excellent,Debt Reduction,Moderate,Beginner
FH0939,2025-12-08 18:34:14.054054056,47,Bengaluru,Salaried,6,39907,25782,14125,35.4,11994,83766,159848,6.2,4738,185029,629,84,Excellent,Wealth Building,Moderate,Advanced
FH0940,2025-12-09 03:18:55.135135136,56,Mumbai,Salaried,1,53316,24333,28983,54.4,0,0,143565,5.9,3980,115153,848,100,Excellent,Emergency Fund,Moderate,Beginner
FH0941,2025-12-09 12:03:36.216216216,49,Bengaluru,Salaried,6,80773,63436,17337,21.5,30205,992325,361585,5.7,2421,70149,665,68,Good,Debt Reduction,Moderate,Beginner
FH0942,2025-12-09 20:48:17.297297300,58,Jaipur,Business Owner,1,158309,103771,54538,34.5,56152,1992249,591495,5.7,10706,88221,680,82,Excellent,Emergency Fund,Moderate,Advanced
FH0943,2025-12-10 05:32:58.378378380,53,Mumbai,Self-Employed,5,48942,24907,24035,49.1,11029,276954,117063,4.7,9421,214245,802,100,Excellent,Debt Reduction,Moderate,Intermediate
FH0944,2025-12-10 14:17:39.459459460,57,Chennai,Self-Employed,5,201903,64545,137358,68.0,60113,652174,296907,4.6,34803,604557,797,100,Excellent,Wealth Building,Moderate,Intermediate
FH0945,2025-12-10 23:02:20.540540540,47,Delhi,Salaried,5,47478,29060,18418,38.8,13709,454803,124958,4.3,6267,300641,678,85,Excellent,Emergency Fund,Moderate,Beginner
FH0946,2025-12-11 07:47:01.621621624,53,Kolkata,Self-Employed,6,50540,28997,21543,42.6,10351,222416,86991,3.0,8142,154298,724,89,Excellent,Emergency Fund,Moderate,Intermediate
FH0947,2025-12-11 16:31:42.702702704,24,Mumbai,Salaried,4,77505,33769,43736,56.4,3208,34045,135076,4.0,3159,136307,829,100,Excellent,Wealth Building,Conservative,Beginner
FH0948,2025-12-12 01:16:23.783783784,42,Lucknow,Business Owner,5,97376,42251,55125,56.6,33667,1132955,177454,4.2,6263,215459,697,98,Excellent,Debt Reduction,Conservative,Intermediate
FH0949,2025-12-12 10:01:04.864864864,22,Jaipur,Self-Employed,1,67249,47181,20068,29.8,27097,778336,240623,5.1,9534,193716,596,73,Good,Travel,Moderate,Advanced
FH0950,2025-12-12 18:45:45.945945948,30,Mumbai,Salaried,5,80067,24517,55550,69.4,5035,140734,98068,4.0,3978,114680,831,100,Excellent,Education,Conservative,Intermediate
FH0951,2025-12-13 03:30:27.027027028,25,Mumbai,Salaried,2,38086,23766,14320,37.6,1392,37967,190128,8.0,4859,200689,706,100,Excellent,Home Purchase,Moderate,Beginner
FH0952,2025-12-13 12:15:08.108108108,30,Lucknow,Salaried,5,35825,19838,15987,44.6,7244,87002,27773,1.4,1133,48834,638,78,Good,Education,Moderate,Intermediate
FH0953,2025-12-13 20:59:49.189189192,53,Chennai,Salaried,6,52736,34257,18479,35.0,7309,90121,181562,5.3,239,3044,657,83,Excellent,Emergency Fund,Conservative,Intermediate
FH0954,2025-12-14 05:44:30.270270272,58,Mumbai,Salaried,4,94789,51072,43717,46.1,22640,603329,188966,3.7,16259,329441,704,93,Excellent,Debt Reduction,Conservative,Intermediate
FH0955,2025-12-14 14:29:11.351351352,33,Kolkata,Self-Employed,2,65898,40927,24971,37.9,24846,312853,155523,3.8,12645,253904,668,82,Excellent,Debt Reduction,Moderate,Intermediate
FH0956,2025-12-14 23:13:52.432432432,51,Bengaluru,Salaried,6,113760,54151,59609,52.4,0,0,119132,2.2,8628,67004,780,100,Excellent,Debt Reduction,Moderate,Intermediate
FH0957,2025-12-15 07:58:33.513513516,56,Chennai,Salaried,6,98963,56717,42246,42.7,42115,1240710,328959,5.8,1343,41802,742,90,Excellent,Debt Reduction,Moderate,Intermediate
FH0958,2025-12-15 16:43:14.594594596,44,Kolkata,Salaried,6,71767,46539,25228,35.2,11995,354075,237349,5.1,0,0,688,83,Excellent,Travel,Aggressive,Advanced
FH0959,2025-12-16 01:27:55.675675676,35,Chennai,Salaried,1,73207,44006,29201,39.9,20976,411085,242033,5.5,18224,401404,698,94,Excellent,Home Purchase,Conservative,Intermediate
FH0960,2025-12-16 10:12:36.756756756,49,Kolkata,Freelancer,6,66224,41936,24288,36.7,19896,592218,171938,4.1,8463,313821,619,79,Good,Retirement,Conservative,Beginner
FH0961,2025-12-16 18:57:17.837837840,28,Jaipur,Salaried,1,68737,30938,37799,55.0,21693,675925,99002,3.2,5323,172270,727,96,Excellent,Emergency Fund,Moderate,Intermediate
FH0962,2025-12-17 03:41:58.918918920,25,Kolkata,Self-Employed,6,70375,34998,35377,50.3,16049,411549,129493,3.7,6652,144862,742,97,Excellent,Home Purchase,Moderate,Beginner
FH0963,2025-12-17 12:26:40.000000000,49,Pune,Business Owner,3,100777,50362,50415,50.0,26043,334725,236701,4.7,0,0,675,93,Excellent,Education,Moderate,Intermediate
FH0964,2025-12-17 21:11:21.081081080,24,Kolkata,Self-Employed,2,55011,29777,25234,45.9,14169,201488,0,0.0,8988,321695,679,80,Excellent,Retirement,Aggressive,Beginner
FH0965,2025-12-18 05:56:02.162162164,32,Delhi,Freelancer,3,27683,21321,6362,23.0,3822,59032,117266,5.5,7198,301537,681,81,Excellent,Retirement,Aggressive,Intermediate
FH0966,2025-12-18 14:40:43.243243244,22,Delhi,Salaried,6,95661,50740,44921,47.0,0,0,441438,8.7,6238,217119,742,100,Excellent,Debt Reduction,Conservative,Intermediate
FH0967,2025-12-18 23:25:24.324324324,47,Ahmedabad,Freelancer,2,63395,26620,36775,58.0,3899,55345,127776,4.8,18184,122758,779,100,Excellent,Home Purchase,Conservative,Beginner
FH0968,2025-12-19 08:10:05.405405408,51,Pune,Salaried,2,65141,42721,22420,34.4,13448,165216,136707,3.2,7286,109886,705,80,Excellent,Education,Moderate,Intermediate
FH0969,2025-12-19 16:54:46.486486488,56,Pune,Salaried,4,74727,57430,17297,23.1,8796,172928,201005,3.5,17686,157727,739,78,Good,Debt Reduction,Conservative,Intermediate
FH0970,2025-12-20 01:39:27.567567568,56,Bengaluru,Self-Employed,3,59865,24151,35714,59.7,7065,234933,125585,5.2,8471,253759,770,100,Excellent,Debt Reduction,Conservative,Beginner
FH0971,2025-12-20 10:24:08.648648648,46,Pune,Freelancer,4,42266,36188,6078,14.4,19185,175244,119420,3.3,5978,225801,643,55,Fair,Wealth Building,Moderate,Intermediate
FH0972,2025-12-20 19:08:49.729729732,47,Bengaluru,Business Owner,2,99603,63559,36044,36.2,33034,912004,349574,5.5,24809,264075,600,85,Excellent,Wealth Building,Moderate,Advanced
FH0973,2025-12-21 03:53:30.810810812,25,Ahmedabad,Salaried,1,104922,76042,28880,27.5,19645,522920,266147,3.5,18339,755754,674,75,Good,Wealth Building,Moderate,Beginner
FH0974,2025-12-21 12:38:11.891891892,40,Ahmedabad,Salaried,2,43178,33912,9266,21.5,13271,117749,244166,7.2,6314,185198,617,75,Good,Travel,Conservative,Intermediate
FH0975,2025-12-21 21:22:52.972972972,31,Jaipur,Freelancer,4,23924,17134,6790,28.4,3956,133227,123365,7.2,0,0,657,82,Excellent,Emergency Fund,Moderate,Intermediate
FH0976,2025-12-22 06:07:34.054054056,30,Delhi,Salaried,3,54158,30574,23584,43.5,12694,292650,94779,3.1,785,36737,731,86,Excellent,Retirement,Moderate,Advanced
FH0977,2025-12-22 14:52:15.135135136,60,Kolkata,Business Owner,6,164092,123147,40945,25.0,45521,769840,443329,3.6,24958,237465,638,69,Good,Education,Conservative,Intermediate
FH0978,2025-12-22 23:36:56.216216216,58,Kolkata,Business Owner,6,59985,36929,23056,38.4,9940,285240,140330,3.8,13361,585899,634,86,Excellent,Retirement,Conservative,Intermediate
FH0979,2025-12-23 08:21:37.297297300,26,Lucknow,Salaried,3,43004,31508,11496,26.7,5630,77249,119730,3.8,5547,62661,621,73,Good,Home Purchase,Moderate,Advanced
FH0980,2025-12-23 17:06:18.378378380,28,Lucknow,Salaried,6,71281,53317,17964,25.2,27023,724359,101302,1.9,5603,126091,653,61,Good,Emergency Fund,Aggressive,Intermediate
FH0981,2025-12-24 01:50:59.459459460,43,Hyderabad,Salaried,6,159789,68274,91515,57.3,47910,344537,109238,1.6,0,0,681,89,Excellent,Debt Reduction,Aggressive,Intermediate
FH0982,2025-12-24 10:35:40.540540540,46,Chennai,Salaried,4,40407,27929,12478,30.9,0,0,175953,6.3,2632,115973,739,91,Excellent,Emergency Fund,Conservative,Beginner
FH0983,2025-12-24 19:20:21.621621624,32,Jaipur,Freelancer,3,36797,20405,16392,44.5,4899,95262,122430,6.0,4753,129603,734,100,Excellent,Debt Reduction,Moderate,Beginner
FH0984,2025-12-25 04:05:02.702702704,46,Hyderabad,Salaried,5,73181,43861,29320,40.1,8667,217549,258780,5.9,4394,136005,713,94,Excellent,Wealth Building,Moderate,Intermediate
FH0985,2025-12-25 12:49:43.783783784,33,Hyderabad,Freelancer,1,91467,54678,36789,40.2,12737,160959,202309,3.7,4801,171598,713,87,Excellent,Emergency Fund,Moderate,Intermediate
FH0986,2025-12-25 21:34:24.864864864,60,Mumbai,Salaried,1,52245,30938,21307,40.8,17351,456543,235129,7.6,6082,249215,701,96,Excellent,Debt Reduction,Moderate,Beginner
FH0987,2025-12-26 06:19:05.945945948,38,Mumbai,Freelancer,6,34017,26985,7032,20.7,7569,220767,102543,3.8,7531,83620,601,67,Good,Retirement,Conservative,Beginner
FH0988,2025-12-26 15:03:47.027027028,45,Hyderabad,Salaried,1,75656,29407,46249,61.1,2977,60125,161738,5.5,12705,508491,798,100,Excellent,Wealth Building,Moderate,Intermediate
FH0989,2025-12-26 23:48:28.108108108,53,Pune,Salaried,3,80607,27315,53292,66.1,13718,336527,27315,1.0,11286,295847,748,100,Excellent,Wealth Building,Conservative,Beginner
FH0990,2025-12-27 08:33:09.189189192,60,Chennai,Salaried,3,121136,37472,83664,69.1,35181,692706,123658,3.3,16135,402184,781,100,Excellent,Wealth Building,Conservative,Beginner
FH0991,2025-12-27 17:17:50.270270272,32,Jaipur,Business Owner,2,138437,101015,37422,27.0,26503,869901,353552,3.5,21954,522588,689,75,Good,Retirement,Moderate,Beginner
FH0992,2025-12-28 02:02:31.351351352,56,Hyderabad,Self-Employed,2,106895,50424,56471,52.8,14558,304787,186569,3.7,12003,328725,760,100,Excellent,Retirement,Aggressive,Intermediate
FH0993,2025-12-28 10:47:12.432432432,24,Kolkata,Business Owner,1,100357,60064,40293,40.1,26400,825112,66070,1.1,9155,418311,714,78,Good,Retirement,Conservative,Intermediate
FH0994,2025-12-28 19:31:53.513513516,25,Chennai,Salaried,5,152767,86151,66616,43.6,65746,1975047,447985,5.2,26226,761198,649,89,Excellent,Wealth Building,Moderate,Beginner
FH0995,2025-12-29 04:16:34.594594596,57,Mumbai,Salaried,2,56545,25779,30766,54.4,15832,289965,152096,5.9,5893,271275,731,100,Excellent,Emergency Fund,Conservative,Beginner
FH0996,2025-12-29 13:01:15.675675676,28,Kolkata,Salaried,2,52469,36687,15782,30.1,20417,263431,84380,2.3,1931,26208,632,64,Good,Debt Reduction,Aggressive,Intermediate
FH0997,2025-12-29 21:45:56.756756756,48,Mumbai,Salaried,3,122452,68837,53615,43.8,17745,322648,103256,1.5,27066,985574,715,88,Excellent,Retirement,Moderate,Intermediate
FH0998,2025-12-30 06:30:37.837837840,51,Mumbai,Salaried,5,38799,21212,17587,45.3,8494,261501,48788,2.3,0,0,688,83,Excellent,Emergency Fund,Conservative,Intermediate
FH0999,2025-12-30 15:15:18.918918920,29,Chennai,Freelancer,6,31430,19254,12176,38.7,6798,87211,92419,4.8,7112,245530,682,91,Excellent,Debt Reduction,Conservative,Beginner
FH1000,2025-12-31 00:00:00.000000000,49,Mumbai,Freelancer,1,62564,42600,19964,31.9,14729,320107,110760,2.6,9726,306279,634,73,Good,Wealth Building,Moderate,Intermediate
